Date,Bandaraya Melaka
1/10/2005,55.5
2/10/2005,47.5
3/10/2005,37
4/10/2005,34
5/10/2005,30
6/10/2005,35
7/10/2005,58
8/10/2005,38.5
9/10/2005,42.5
10/10/2005,51.5
11/10/2005,51.5
12/10/2005,50
13/10/2005,50.5
14/10/2005,36.5
15/10/2005,48
16/10/2005,35
17/10/2005,33
18/10/2005,42
19/10/2005,37.5
20/10/2005,36
21/10/2005,34
22/10/2005,39
23/10/2005,45
24/10/2005,50.5
25/10/2005,47.5
26/10/2005,36
27/10/2005,40.5
28/10/2005,43
29/10/2005,43
30/10/2005,42
31/10/2005,42.5
1/11/2005,38
2/11/2005,40
3/11/2005,30
4/11/2005,37
5/11/2005,37.5
6/11/2005,41.5
7/11/2005,37
8/11/2005,52
9/11/2005,50
10/11/2005,50.5
11/11/2005,55.5
12/11/2005,55.5
13/11/2005,45
14/11/2005,41.5
15/11/2005,49
16/11/2005,45.5
17/11/2005,46
18/11/2005,41
19/11/2005,38.5
20/11/2005,34.5
21/11/2005,42
22/11/2005,40
23/11/2005,45
24/11/2005,47.5
25/11/2005,47
26/11/2005,53.5
27/11/2005,48
28/11/2005,41.5
29/11/2005,52
30/11/2005,43.5
1/12/2005,36
2/12/2005,38.5
3/12/2005,36.5
4/12/2005,52.5
5/12/2005,49
6/12/2005,55
7/12/2005,47
8/12/2005,43.5
9/12/2005,45
10/12/2005,49.5
11/12/2005,49
12/12/2005,49
13/12/2005,41.5
14/12/2005,48.5
15/12/2005,43
16/12/2005,51.5
17/12/2005,44.5
18/12/2005,41.5
19/12/2005,33
20/12/2005,51.5
21/12/2005,52
22/12/2005,49
23/12/2005,41.5
24/12/2005,43.5
25/12/2005,37
26/12/2005,48.5
27/12/2005,44.5
28/12/2005,51.5
29/12/2005,46.5
30/12/2005,51
31/12/2005,52
1/1/2006,44
2/1/2006,35.5
3/1/2006,52
4/1/2006,49.5
5/1/2006,44
6/1/2006,44.5
7/1/2006,37
8/1/2006,44
9/1/2006,49.5
10/1/2006,48
11/1/2006,52.5
12/1/2006,52
13/1/2006,49
14/1/2006,47.5
15/1/2006,51
16/1/2006,49.5
17/1/2006,55.5
18/1/2006,52
19/1/2006,55.5
20/1/2006,54.5
21/1/2006,65.5
22/1/2006,54
23/1/2006,48
24/1/2006,58
25/1/2006,51.5
26/1/2006,52
27/1/2006,62
28/1/2006,61
29/1/2006,62.5
30/1/2006,54
31/1/2006,49
1/2/2006,40
2/2/2006,40.5
3/2/2006,45
4/2/2006,41.5
5/2/2006,42
6/2/2006,46.5
7/2/2006,47
8/2/2006,41.5
9/2/2006,44
10/2/2006,36.5
11/2/2006,
12/2/2006,45.5
13/2/2006,45
14/2/2006,46.5
15/2/2006,44.5
16/2/2006,39
17/2/2006,50
18/2/2006,41
19/2/2006,38
20/2/2006,31.5
21/2/2006,38
22/2/2006,42.5
23/2/2006,32.5
24/2/2006,39
25/2/2006,40.5
26/2/2006,41.5
27/2/2006,47.5
28/2/2006,52
1/3/2006,53
2/3/2006,45
3/3/2006,41
4/3/2006,42
5/3/2006,52
6/3/2006,57.5
7/3/2006,66
8/3/2006,53
9/3/2006,49.5
10/3/2006,52
11/3/2006,45.5
12/3/2006,52.5
13/3/2006,59.5
14/3/2006,68
15/3/2006,61.5
16/3/2006,48
17/3/2006,52
18/3/2006,54
19/3/2006,58.5
20/3/2006,57.5
21/3/2006,47.5
22/3/2006,45.5
23/3/2006,53
24/3/2006,44
25/3/2006,53
26/3/2006,37
27/3/2006,49
28/3/2006,56.5
29/3/2006,49
30/3/2006,43.5
31/3/2006,44
1/4/2006,53.5
2/4/2006,51.5
3/4/2006,47
4/4/2006,57.5
5/4/2006,55
6/4/2006,49.5
7/4/2006,43
8/4/2006,49
9/4/2006,43
10/4/2006,58.5
11/4/2006,63.5
12/4/2006,50
13/4/2006,48
14/4/2006,50.5
15/4/2006,50
16/4/2006,42.5
17/4/2006,41
18/4/2006,47.5
19/4/2006,40.5
20/4/2006,44.5
21/4/2006,41
22/4/2006,49
23/4/2006,49.5
24/4/2006,48
25/4/2006,43.5
26/4/2006,43.5
27/4/2006,40.5
28/4/2006,44.5
29/4/2006,44.5
30/4/2006,49.5
1/5/2006,55.5
2/5/2006,43
3/5/2006,49.5
4/5/2006,43.5
5/5/2006,49
6/5/2006,42
7/5/2006,35.5
8/5/2006,53
9/5/2006,68
10/5/2006,59
11/5/2006,49
12/5/2006,49
13/5/2006,45
14/5/2006,50.5
15/5/2006,41.5
16/5/2006,48.5
17/5/2006,50
18/5/2006,39.5
19/5/2006,53
20/5/2006,40
21/5/2006,41.5
22/5/2006,43
23/5/2006,34.5
24/5/2006,48.5
25/5/2006,49
26/5/2006,52
27/5/2006,48.5
28/5/2006,33.5
29/5/2006,37
30/5/2006,33.5
31/5/2006,46
1/6/2006,49
2/6/2006,49.5
3/6/2006,50
4/6/2006,53
5/6/2006,50.5
6/6/2006,
7/6/2006,47.5
8/6/2006,48.5
9/6/2006,19.5
10/6/2006,32.5
11/6/2006,26.5
12/6/2006,27.5
13/6/2006,50
14/6/2006,50.5
15/6/2006,45
16/6/2006,53.5
17/6/2006,37
18/6/2006,33.5
19/6/2006,32.5
20/6/2006,21.5
21/6/2006,27
22/6/2006,41
23/6/2006,22.5
24/6/2006,19.5
25/6/2006,38.5
26/6/2006,25
27/6/2006,37.5
28/6/2006,43.5
29/6/2006,49.5
30/6/2006,43
1/7/2006,40
2/7/2006,46.5
3/7/2006,39.5
4/7/2006,43
5/7/2006,45
6/7/2006,40.5
7/7/2006,36
8/7/2006,40
9/7/2006,33
10/7/2006,35
11/7/2006,31.5
12/7/2006,27.5
13/7/2006,34.5
14/7/2006,37.5
15/7/2006,50
16/7/2006,44.5
17/7/2006,50
18/7/2006,49.5
19/7/2006,37.5
20/7/2006,36
21/7/2006,49
22/7/2006,46.5
23/7/2006,50.5
24/7/2006,41
25/7/2006,47
26/7/2006,52.5
27/7/2006,51.5
28/7/2006,54
29/7/2006,55.5
30/7/2006,38.5
31/7/2006,30
1/8/2006,35
2/8/2006,36.5
3/8/2006,43.5
4/8/2006,48
5/8/2006,47
6/8/2006,56
7/8/2006,59
8/8/2006,60.5
9/8/2006,53.5
10/8/2006,48.5
11/8/2006,55
12/8/2006,56
13/8/2006,63
14/8/2006,61
15/8/2006,69
16/8/2006,60
17/8/2006,61.5
18/8/2006,52.5
19/8/2006,54
20/8/2006,65
21/8/2006,58.5
22/8/2006,65.5
23/8/2006,61
24/8/2006,61
25/8/2006,56.5
26/8/2006,43
27/8/2006,47
28/8/2006,40
29/8/2006,45.5
30/8/2006,47
31/8/2006,28
1/9/2006,32.5
2/9/2006,37.5
3/9/2006,49
4/9/2006,57.5
5/9/2006,64.5
6/9/2006,79
7/9/2006,46.5
8/9/2006,44.5
9/9/2006,54.5
10/9/2006,57
11/9/2006,46.5
12/9/2006,57
13/9/2006,56
14/9/2006,61
15/9/2006,54
16/9/2006,44.5
17/9/2006,33
18/9/2006,28.5
19/9/2006,45
20/9/2006,53.5
21/9/2006,61.5
22/9/2006,57.5
23/9/2006,54
24/9/2006,35.5
25/9/2006,36
26/9/2006,44.5
27/9/2006,44.5
28/9/2006,68
29/9/2006,76.5
30/9/2006,61.5
1/10/2006,26.5
2/10/2006,45.5
3/10/2006,57
4/10/2006,91
5/10/2006,102.5
6/10/2006,96
7/10/2006,93.5
8/10/2006,124
9/10/2006,98
10/10/2006,86.5
11/10/2006,134
12/10/2006,70
13/10/2006,68.5
14/10/2006,85
15/10/2006,90
16/10/2006,110
17/10/2006,112
18/10/2006,88.5
19/10/2006,84
20/10/2006,91
21/10/2006,81.5
22/10/2006,75.5
23/10/2006,73
24/10/2006,74
25/10/2006,26
26/10/2006,37.5
27/10/2006,33.5
28/10/2006,52.5
29/10/2006,29.5
30/10/2006,42
31/10/2006,52
1/11/2006,43.5
2/11/2006,45
3/11/2006,28
4/11/2006,36.5
5/11/2006,34.5
6/11/2006,58
7/11/2006,61
8/11/2006,53.5
9/11/2006,41
10/11/2006,33
11/11/2006,28
12/11/2006,31.5
13/11/2006,22
14/11/2006,29.5
15/11/2006,30.5
16/11/2006,32.5
17/11/2006,22
18/11/2006,19
19/11/2006,30.5
20/11/2006,32.5
21/11/2006,37
22/11/2006,28.5
23/11/2006,37
24/11/2006,26.5
25/11/2006,21.5
26/11/2006,32
27/11/2006,29
28/11/2006,60
29/11/2006,38
30/11/2006,23
1/12/2006,34
2/12/2006,22.5
3/12/2006,26
4/12/2006,34.5
5/12/2006,48
6/12/2006,46
7/12/2006,29.5
8/12/2006,31.5
9/12/2006,20.5
10/12/2006,41.5
11/12/2006,39
12/12/2006,50
13/12/2006,35.5
14/12/2006,35.5
15/12/2006,33.5
16/12/2006,24.5
17/12/2006,21
18/12/2006,20
19/12/2006,15
20/12/2006,18.5
21/12/2006,23.5
22/12/2006,23
23/12/2006,48.5
24/12/2006,36
25/12/2006,49
26/12/2006,57
27/12/2006,27
28/12/2006,38.5
29/12/2006,36.5
30/12/2006,47.5
31/12/2006,49.5
1/1/2007,42.5
2/1/2007,31.5
3/1/2007,40
4/1/2007,53
5/1/2007,35.5
6/1/2007,41.5
7/1/2007,37.5
8/1/2007,32.5
9/1/2007,21.5
10/1/2007,23.5
11/1/2007,15.5
12/1/2007,21.5
13/1/2007,25.5
14/1/2007,24
15/1/2007,27.5
16/1/2007,34.5
17/1/2007,45
18/1/2007,39
19/1/2007,25.5
20/1/2007,22.5
21/1/2007,19.5
22/1/2007,28
23/1/2007,32
24/1/2007,29
25/1/2007,35
26/1/2007,35
27/1/2007,27
28/1/2007,34
29/1/2007,55
30/1/2007,58
31/1/2007,56.5
1/2/2007,52
2/2/2007,49.5
3/2/2007,45
4/2/2007,50
5/2/2007,51
6/2/2007,43.5
7/2/2007,42.5
8/2/2007,40
9/2/2007,37
10/2/2007,35.5
11/2/2007,36.5
12/2/2007,30
13/2/2007,28.5
14/2/2007,36
15/2/2007,38.5
16/2/2007,46.5
17/2/2007,42.5
18/2/2007,37.5
19/2/2007,38
20/2/2007,38
21/2/2007,31
22/2/2007,41
23/2/2007,42.5
24/2/2007,29
25/2/2007,35
26/2/2007,44
27/2/2007,29.5
28/2/2007,29.5
1/3/2007,30
2/3/2007,56.5
3/3/2007,47
4/3/2007,38
5/3/2007,37.5
6/3/2007,52.5
7/3/2007,54.5
8/3/2007,56.5
9/3/2007,53.5
10/3/2007,37.5
11/3/2007,35.5
12/3/2007,30.5
13/3/2007,36
14/3/2007,31.5
15/3/2007,27.5
16/3/2007,32
17/3/2007,53
18/3/2007,55
19/3/2007,48.5
20/3/2007,53
21/3/2007,26.5
22/3/2007,34
23/3/2007,37
24/3/2007,39.5
25/3/2007,50.5
26/3/2007,46.5
27/3/2007,63.5
28/3/2007,53
29/3/2007,40.5
30/3/2007,28
31/3/2007,28
1/4/2007,33
2/4/2007,40.5
3/4/2007,42.5
4/4/2007,27.5
5/4/2007,27
6/4/2007,46
7/4/2007,37.5
8/4/2007,39.5
9/4/2007,37.5
10/4/2007,35
11/4/2007,28.5
12/4/2007,31.5
13/4/2007,28
14/4/2007,41.5
15/4/2007,55
16/4/2007,56
17/4/2007,69
18/4/2007,89
19/4/2007,38.5
20/4/2007,36.5
21/4/2007,39
22/4/2007,44.5
23/4/2007,49.5
24/4/2007,32.5
25/4/2007,45
26/4/2007,40.5
27/4/2007,27.5
28/4/2007,36
29/4/2007,32
30/4/2007,26
1/5/2007,22.5
2/5/2007,25
3/5/2007,23.5
4/5/2007,21
5/5/2007,19.5
6/5/2007,25.5
7/5/2007,32
8/5/2007,39.5
9/5/2007,25
10/5/2007,32.5
11/5/2007,40
12/5/2007,29.5
13/5/2007,36
14/5/2007,28.5
15/5/2007,30.5
16/5/2007,28
17/5/2007,49
18/5/2007,43
19/5/2007,43
20/5/2007,45
21/5/2007,42.5
22/5/2007,36
23/5/2007,36.5
24/5/2007,33.5
25/5/2007,30
26/5/2007,35
27/5/2007,32.5
28/5/2007,35
29/5/2007,48
30/5/2007,50
31/5/2007,45
1/6/2007,39
2/6/2007,40
3/6/2007,27.5
4/6/2007,26
5/6/2007,44.5
6/6/2007,28.5
7/6/2007,26.5
8/6/2007,28
9/6/2007,38
10/6/2007,34
11/6/2007,31
12/6/2007,31.5
13/6/2007,39.5
14/6/2007,41
15/6/2007,34
16/6/2007,26.5
17/6/2007,29.5
18/6/2007,46
19/6/2007,43
20/6/2007,36.5
21/6/2007,52.5
22/6/2007,46
23/6/2007,50.5
24/6/2007,40.5
25/6/2007,34.5
26/6/2007,31
27/6/2007,39.5
28/6/2007,55.5
29/6/2007,57
30/6/2007,55
1/7/2007,59
2/7/2007,57.5
3/7/2007,61
4/7/2007,41.5
5/7/2007,39.5
6/7/2007,35
7/7/2007,39.5
8/7/2007,38
9/7/2007,41
10/7/2007,37.5
11/7/2007,37
12/7/2007,
13/7/2007,56
14/7/2007,54
15/7/2007,51
16/7/2007,35
17/7/2007,38.5
18/7/2007,38.5
19/7/2007,27
20/7/2007,46
21/7/2007,32.5
22/7/2007,22.5
23/7/2007,16.5
24/7/2007,17.5
25/7/2007,36
26/7/2007,43
27/7/2007,43
28/7/2007,33
29/7/2007,39
30/7/2007,34.5
31/7/2007,40
1/8/2007,29.5
2/8/2007,37
3/8/2007,60
4/8/2007,56.5
5/8/2007,58.5
6/8/2007,50
7/8/2007,42.5
8/8/2007,51
9/8/2007,
10/8/2007,50
11/8/2007,51
12/8/2007,53.5
13/8/2007,45
14/8/2007,60
15/8/2007,41.5
16/8/2007,26
17/8/2007,34.5
18/8/2007,26.5
19/8/2007,37.5
20/8/2007,31
21/8/2007,25
22/8/2007,24.5
23/8/2007,23.5
24/8/2007,30.5
25/8/2007,28
26/8/2007,30
27/8/2007,37
28/8/2007,41.5
29/8/2007,35.5
30/8/2007,48.5
31/8/2007,26.5
1/9/2007,30.5
2/9/2007,21.5
3/9/2007,19
4/9/2007,19
5/9/2007,46.5
6/9/2007,39.5
7/9/2007,34.5
8/9/2007,31.5
9/9/2007,28
10/9/2007,31.5
11/9/2007,24.5
12/9/2007,44.5
13/9/2007,33.5
14/9/2007,34.5
15/9/2007,23
16/9/2007,24.5
17/9/2007,22
18/9/2007,35
19/9/2007,41.5
20/9/2007,49.5
21/9/2007,51
22/9/2007,56
23/9/2007,53
24/9/2007,45.5
25/9/2007,38
26/9/2007,35
27/9/2007,38
28/9/2007,48.5
29/9/2007,54
30/9/2007,61
1/10/2007,58
2/10/2007,52
3/10/2007,58.5
4/10/2007,61
5/10/2007,54
6/10/2007,59
7/10/2007,59.5
8/10/2007,46
9/10/2007,33.5
10/10/2007,44
11/10/2007,34
12/10/2007,58
13/10/2007,41.5
14/10/2007,36
15/10/2007,31.5
16/10/2007,34
17/10/2007,47.5
18/10/2007,46.5
19/10/2007,37.5
20/10/2007,32.5
21/10/2007,26.5
22/10/2007,24.5
23/10/2007,17
24/10/2007,22.5
25/10/2007,25
26/10/2007,35.5
27/10/2007,35.5
28/10/2007,35.5
29/10/2007,25.5
30/10/2007,28
31/10/2007,25.5
1/11/2007,26
2/11/2007,29.5
3/11/2007,44.5
4/11/2007,33.5
5/11/2007,28
6/11/2007,29.5
7/11/2007,51.5
8/11/2007,27.5
9/11/2007,35.5
10/11/2007,38
11/11/2007,32.5
12/11/2007,39
13/11/2007,46.5
14/11/2007,40.5
15/11/2007,41
16/11/2007,47.5
17/11/2007,42.5
18/11/2007,38
19/11/2007,44
20/11/2007,32.5
21/11/2007,34
22/11/2007,41
23/11/2007,40
24/11/2007,52.5
25/11/2007,58.5
26/11/2007,50
27/11/2007,59.5
28/11/2007,52
29/11/2007,40
30/11/2007,55
1/12/2007,57
2/12/2007,43
3/12/2007,42
4/12/2007,36
5/12/2007,
6/12/2007,23.5
7/12/2007,24
8/12/2007,17.5
9/12/2007,15.5
10/12/2007,13
11/12/2007,26
12/12/2007,21
13/12/2007,18.5
14/12/2007,21.5
15/12/2007,19.5
16/12/2007,16
17/12/2007,16
18/12/2007,15.5
19/12/2007,23
20/12/2007,19.5
21/12/2007,30
22/12/2007,32
23/12/2007,41.5
24/12/2007,34.5
25/12/2007,30.5
26/12/2007,36.5
27/12/2007,29.5
28/12/2007,28
29/12/2007,39
30/12/2007,50
31/12/2007,46.5
1/1/2008,27
2/1/2008,30
3/1/2008,29.5
4/1/2008,29.5
5/1/2008,31
6/1/2008,38
7/1/2008,24
8/1/2008,29
9/1/2008,18.5
10/1/2008,30
11/1/2008,27.5
12/1/2008,37
13/1/2008,40
14/1/2008,45
15/1/2008,43.5
16/1/2008,47
17/1/2008,58.5
18/1/2008,30
19/1/2008,18
20/1/2008,30.5
21/1/2008,39.5
22/1/2008,25.5
23/1/2008,24
24/1/2008,30
25/1/2008,26.5
26/1/2008,27.5
27/1/2008,33
28/1/2008,23
29/1/2008,27.5
30/1/2008,34.5
31/1/2008,25.5
1/2/2008,28.5
2/2/2008,25.5
3/2/2008,38.5
4/2/2008,25
5/2/2008,33
6/2/2008,27
7/2/2008,29.5
8/2/2008,30
9/2/2008,31.5
10/2/2008,34.5
11/2/2008,40.5
12/2/2008,41.5
13/2/2008,46
14/2/2008,35.5
15/2/2008,40
16/2/2008,39.5
17/2/2008,40.5
18/2/2008,43
19/2/2008,53
20/2/2008,44
21/2/2008,52.5
22/2/2008,60.5
23/2/2008,58.5
24/2/2008,68.5
25/2/2008,66.5
26/2/2008,42.5
27/2/2008,27
28/2/2008,35
29/2/2008,40.5
1/3/2008,24.5
2/3/2008,32.5
3/3/2008,46
4/3/2008,56
5/3/2008,45
6/3/2008,30.5
7/3/2008,39
8/3/2008,23
9/3/2008,24
10/3/2008,35
11/3/2008,32.5
12/3/2008,25
13/3/2008,22.5
14/3/2008,28.5
15/3/2008,26
16/3/2008,31.5
17/3/2008,34.5
18/3/2008,33.5
19/3/2008,28
20/3/2008,32.5
21/3/2008,30
22/3/2008,24.5
23/3/2008,41
24/3/2008,47
25/3/2008,24
26/3/2008,27
27/3/2008,
28/3/2008,
29/3/2008,36.5
30/3/2008,32
31/3/2008,34
1/4/2008,50.5
2/4/2008,42.5
3/4/2008,36
4/4/2008,31.5
5/4/2008,
6/4/2008,29
7/4/2008,35.5
8/4/2008,35
9/4/2008,56
10/4/2008,54
11/4/2008,40.5
12/4/2008,57
13/4/2008,34.5
14/4/2008,52.5
15/4/2008,43
16/4/2008,52.5
17/4/2008,38.5
18/4/2008,50
19/4/2008,32
20/4/2008,27.5
21/4/2008,42
22/4/2008,44
23/4/2008,26.5
24/4/2008,16
25/4/2008,
26/4/2008,45
27/4/2008,40.5
28/4/2008,50
29/4/2008,52
30/4/2008,38.5
1/5/2008,40
2/5/2008,36.5
3/5/2008,49.5
4/5/2008,47
5/5/2008,48
6/5/2008,53.5
7/5/2008,54
8/5/2008,57.5
9/5/2008,48
10/5/2008,52
11/5/2008,32.5
12/5/2008,51
13/5/2008,44.5
14/5/2008,42.5
15/5/2008,49.5
16/5/2008,55
17/5/2008,53
18/5/2008,60
19/5/2008,57
20/5/2008,54.5
21/5/2008,55.5
22/5/2008,44
23/5/2008,43.5
24/5/2008,51.5
25/5/2008,46
26/5/2008,36
27/5/2008,27.5
28/5/2008,23
29/5/2008,26.5
30/5/2008,25.5
31/5/2008,26
1/6/2008,34
2/6/2008,30
3/6/2008,39
4/6/2008,37.5
5/6/2008,38
6/6/2008,35.5
7/6/2008,26
8/6/2008,21.5
9/6/2008,31
10/6/2008,31.5
11/6/2008,33.5
12/6/2008,38
13/6/2008,39
14/6/2008,41
15/6/2008,35
16/6/2008,39
17/6/2008,44
18/6/2008,36
19/6/2008,38
20/6/2008,38
21/6/2008,42.5
22/6/2008,29.5
23/6/2008,28
24/6/2008,34
25/6/2008,34
26/6/2008,42
27/6/2008,47.5
28/6/2008,53
29/6/2008,40.5
30/6/2008,33
1/7/2008,30.5
2/7/2008,46
3/7/2008,41.5
4/7/2008,44.5
5/7/2008,51
6/7/2008,42.5
7/7/2008,48.5
8/7/2008,39.5
9/7/2008,44.5
10/7/2008,40.5
11/7/2008,27
12/7/2008,26.5
13/7/2008,30.5
14/7/2008,38.5
15/7/2008,23
16/7/2008,30
17/7/2008,36.5
18/7/2008,43
19/7/2008,45.5
20/7/2008,36.5
21/7/2008,29
22/7/2008,37
23/7/2008,33
24/7/2008,52.5
25/7/2008,32
26/7/2008,27
27/7/2008,33.5
28/7/2008,41.5
29/7/2008,56
30/7/2008,45
31/7/2008,54
1/8/2008,56.5
2/8/2008,52
3/8/2008,50
4/8/2008,51
5/8/2008,52.5
6/8/2008,52
7/8/2008,57.5
8/8/2008,56.5
9/8/2008,59.5
10/8/2008,43.5
11/8/2008,33
12/8/2008,43
13/8/2008,52
14/8/2008,35
15/8/2008,42.5
16/8/2008,39
17/8/2008,45
18/8/2008,47
19/8/2008,44
20/8/2008,45
21/8/2008,36.5
22/8/2008,39.5
23/8/2008,27
24/8/2008,30
25/8/2008,26.5
26/8/2008,28.5
27/8/2008,33
28/8/2008,28
29/8/2008,27
30/8/2008,26.5
31/8/2008,31
1/9/2008,31
2/9/2008,41.5
3/9/2008,25
4/9/2008,28
5/9/2008,26
6/9/2008,31
7/9/2008,25
8/9/2008,35.5
9/9/2008,31
10/9/2008,37
11/9/2008,26
12/9/2008,29
13/9/2008,31
14/9/2008,28
15/9/2008,23
16/9/2008,22
17/9/2008,31.5
18/9/2008,37
19/9/2008,51
20/9/2008,49.5
21/9/2008,52.5
22/9/2008,47
23/9/2008,43
24/9/2008,38
25/9/2008,52
26/9/2008,54
27/9/2008,52
28/9/2008,48
29/9/2008,50.5
30/9/2008,59.5
1/10/2008,26
2/10/2008,21
3/10/2008,34
4/10/2008,28
5/10/2008,30.5
6/10/2008,29
7/10/2008,22
8/10/2008,30
9/10/2008,37
10/10/2008,35.5
11/10/2008,34
12/10/2008,35
13/10/2008,32
14/10/2008,28
15/10/2008,35
16/10/2008,51
17/10/2008,35
18/10/2008,41
19/10/2008,37.5
20/10/2008,35
21/10/2008,44
22/10/2008,32
23/10/2008,27
24/10/2008,37.5
25/10/2008,38
26/10/2008,52.5
28/10/2008,50
29/10/2008,59
30/10/2008,50.5
31/10/2008,60
1/11/2008,53.5
2/11/2008,38
3/11/2008,36.5
4/11/2008,37.5
5/11/2008,32.5
6/11/2008,40.5
7/11/2008,56
8/11/2008,44.5
9/11/2008,31
10/11/2008,50.5
11/11/2008,34
12/11/2008,44.5
13/11/2008,36
14/11/2008,29
16/11/2008,39
17/11/2008,34
18/11/2008,37
19/11/2008,31
20/11/2008,32.5
21/11/2008,24.5
22/11/2008,32
23/11/2008,36.5
25/11/2008,37
26/11/2008,38
27/11/2008,27.5
28/11/2008,32
29/11/2008,33
30/11/2008,44.5
1/12/2008,46
2/12/2008,45.5
3/12/2008,31
4/12/2008,37
6/12/2008,37.5
8/12/2008,25
9/12/2008,26
10/12/2008,47
11/12/2008,51.5
12/12/2008,42
13/12/2008,41
14/12/2008,28
15/12/2008,26
16/12/2008,45
17/12/2008,51.5
18/12/2008,52
19/12/2008,40.5
20/12/2008,42
21/12/2008,42.5
22/12/2008,35.5
23/12/2008,38
24/12/2008,41.5
25/12/2008,58
26/12/2008,32
27/12/2008,35.5
28/12/2008,34.5
29/12/2008,33
30/12/2008,39.5
31/12/2008,33
1/1/2009,37
2/1/2009,24.5
3/1/2009,23
4/1/2009,26
5/1/2009,34
6/1/2009,38
7/1/2009,39
8/1/2009,40.5
9/1/2009,43
10/1/2009,46.5
11/1/2009,53
12/1/2009,55
13/1/2009,47.5
14/1/2009,42
15/1/2009,51
16/1/2009,52
17/1/2009,50
18/1/2009,47.5
19/1/2009,45
20/1/2009,50
21/1/2009,43
22/1/2009,
23/1/2009,38
24/1/2009,39
25/1/2009,31.5
26/1/2009,34
27/1/2009,44
28/1/2009,43
29/1/2009,49
30/1/2009,54
31/1/2009,41
1/2/2009,38.5
2/2/2009,53
3/2/2009,54
4/2/2009,46
5/2/2009,44
6/2/2009,55.5
7/2/2009,57.5
8/2/2009,52
9/2/2009,61
10/2/2009,57.5
11/2/2009,61.5
12/2/2009,64.5
13/2/2009,69
14/2/2009,58.5
15/2/2009,65
16/2/2009,59.5
17/2/2009,62
18/2/2009,49
19/2/2009,48
20/2/2009,39.5
21/2/2009,53
22/2/2009,47.5
23/2/2009,42.5
24/2/2009,41
25/2/2009,42
26/2/2009,29
27/2/2009,26.5
28/2/2009,43.5
1/3/2009,40.5
2/3/2009,27
3/3/2009,28.5
4/3/2009,37
5/3/2009,29
6/3/2009,39.5
7/3/2009,45
8/3/2009,37
9/3/2009,34
10/3/2009,36.5
11/3/2009,28.5
12/3/2009,43
13/3/2009,32
14/3/2009,49.5
15/3/2009,25.5
16/3/2009,25.5
17/3/2009,33
18/3/2009,51
19/3/2009,61
20/3/2009,71.5
21/3/2009,54.5
22/3/2009,53.5
23/3/2009,34.5
24/3/2009,54
25/3/2009,45
26/3/2009,39
27/3/2009,48
28/3/2009,50.5
29/3/2009,52
30/3/2009,35
31/3/2009,49
1/4/2009,51.5
2/4/2009,38.5
3/4/2009,44.5
4/4/2009,32.5
5/4/2009,51
6/4/2009,40
7/4/2009,36
8/4/2009,45.5
9/4/2009,38.5
10/4/2009,35.5
11/4/2009,46.5
12/4/2009,37
13/4/2009,44.5
14/4/2009,47.5
15/4/2009,43
16/4/2009,31.5
17/4/2009,33.5
18/4/2009,44
19/4/2009,34.5
20/4/2009,49
21/4/2009,35
22/4/2009,34
23/4/2009,39
24/4/2009,49.5
25/4/2009,47
26/4/2009,54
27/4/2009,55
28/4/2009,64
29/4/2009,57.5
30/4/2009,52.5
1/5/2009,42
2/5/2009,35.5
3/5/2009,30
4/5/2009,28
5/5/2009,29.5
6/5/2009,31.5
7/5/2009,48
8/5/2009,40.5
9/5/2009,39.5
10/5/2009,35
11/5/2009,42.5
12/5/2009,52
13/5/2009,51
14/5/2009,41.5
15/5/2009,80.5
16/5/2009,45.5
17/5/2009,38.5
18/5/2009,35
19/5/2009,52.5
20/5/2009,58.5
21/5/2009,54.5
22/5/2009,61
23/5/2009,61.5
24/5/2009,51
25/5/2009,47
26/5/2009,47.5
27/5/2009,58
28/5/2009,62
29/5/2009,52
30/5/2009,59
31/5/2009,56.5
1/6/2009,50.5
2/6/2009,52
3/6/2009,47.5
4/6/2009,31
5/6/2009,45
6/6/2009,56.5
7/6/2009,50.5
8/6/2009,60
9/6/2009,55.5
10/6/2009,57.5
11/6/2009,64.5
12/6/2009,63
13/6/2009,43.5
14/6/2009,52.5
15/6/2009,57
16/6/2009,42
17/6/2009,52.5
18/6/2009,49
19/6/2009,51
20/6/2009,47
21/6/2009,50.5
22/6/2009,52
23/6/2009,59
24/6/2009,62
25/6/2009,71.5
26/6/2009,62
27/6/2009,62.5
28/6/2009,40.5
29/6/2009,63
30/6/2009,46.5
1/7/2009,49.5
2/7/2009,37
3/7/2009,55.5
4/7/2009,50.5
5/7/2009,43.5
6/7/2009,34.5
7/7/2009,46.5
8/7/2009,40.5
9/7/2009,56.5
10/7/2009,58.5
11/7/2009,49
12/7/2009,31.5
13/7/2009,54
14/7/2009,53
15/7/2009,61.5
16/7/2009,69
17/7/2009,63.5
18/7/2009,63
19/7/2009,56
20/7/2009,62
21/7/2009,60.5
22/7/2009,61.5
23/7/2009,69
24/7/2009,75.5
25/7/2009,53
26/7/2009,42
27/7/2009,60.5
28/7/2009,32.5
29/7/2009,36.5
30/7/2009,49
31/7/2009,61
1/8/2009,68
2/8/2009,66.5
3/8/2009,81.5
4/8/2009,64
5/8/2009,71.33
6/8/2009,110.33
7/8/2009,85
8/8/2009,115.5
9/8/2009,62.5
10/8/2009,63.33
11/8/2009,55.67
12/8/2009,60
13/8/2009,39
14/8/2009,48.67
15/8/2009,60
16/8/2009,52.67
17/8/2009,36.67
18/8/2009,45.33
19/8/2009,37
20/8/2009,52.67
21/8/2009,42.67
22/8/2009,60.67
23/8/2009,41.33
24/8/2009,23.33
25/8/2009,49.67
26/8/2009,38.67
27/8/2009,22
28/8/2009,18.67
29/8/2009,24.67
30/8/2009,42.33
31/8/2009,59
1/9/2009,37.67
2/9/2009,27
3/9/2009,53
4/9/2009,59
5/9/2009,32.67
6/9/2009,26.33
7/9/2009,35.33
8/9/2009,61.33
9/9/2009,46.67
10/9/2009,58
11/9/2009,52
12/9/2009,48.33
13/9/2009,56.33
14/9/2009,65
15/9/2009,60
16/9/2009,60.33
17/9/2009,41
18/9/2009,53.33
19/9/2009,45
20/9/2009,36
21/9/2009,49.67
22/9/2009,37
23/9/2009,30.33
24/9/2009,46.33
25/9/2009,38.33
26/9/2009,47.67
27/9/2009,45
28/9/2009,45.33
29/9/2009,49.67
30/9/2009,43
1/10/2009,31
2/10/2009,41.67
3/10/2009,53
4/10/2009,30.33
5/10/2009,28
6/10/2009,29.33
7/10/2009,52
8/10/2009,39.33
9/10/2009,32.33
10/10/2009,51.67
11/10/2009,45
12/10/2009,51.67
13/10/2009,41.33
14/10/2009,41.33
15/10/2009,32.33
16/10/2009,28.67
17/10/2009,35.67
18/10/2009,32.33
19/10/2009,36.33
20/10/2009,36.33
21/10/2009,43
22/10/2009,40
23/10/2009,61.33
24/10/2009,53
25/10/2009,49.67
26/10/2009,48.5
27/10/2009,38
28/10/2009,34.33
29/10/2009,43
30/10/2009,39.33
31/10/2009,22
1/11/2009,28.67
2/11/2009,23.67
3/11/2009,35.33
4/11/2009,22.33
5/11/2009,23.67
6/11/2009,17.33
7/11/2009,40.33
8/11/2009,26.33
9/11/2009,26.33
10/11/2009,29.33
11/11/2009,30.67
12/11/2009,34.67
13/11/2009,39.33
14/11/2009,34.33
15/11/2009,21.67
16/11/2009,22
17/11/2009,24.67
18/11/2009,29.5
19/11/2009,22
20/11/2009,28
21/11/2009,29.67
22/11/2009,33
23/11/2009,26.67
24/11/2009,22.67
25/11/2009,35.67
26/11/2009,37.67
27/11/2009,37.33
28/11/2009,33
29/11/2009,28.33
30/11/2009,30
1/12/2009,31.67
2/12/2009,28
3/12/2009,24.33
4/12/2009,23
5/12/2009,25
6/12/2009,32.33
7/12/2009,31.67
8/12/2009,29.33
9/12/2009,29.67
10/12/2009,30.33
11/12/2009,36.67
12/12/2009,29.67
13/12/2009,26
14/12/2009,41.67
15/12/2009,36.67
16/12/2009,31.67
17/12/2009,29.67
18/12/2009,43
20/12/2009,20.67
21/12/2009,30
22/12/2009,29
23/12/2009,29.33
24/12/2009,31.67
25/12/2009,38
26/12/2009,31.33
27/12/2009,40.67
28/12/2009,48.33
29/12/2009,40.67
30/12/2009,59
31/12/2009,35
1/1/2010,43.33
2/1/2010,25.33
3/1/2010,22.67
4/1/2010,29.33
5/1/2010,19
6/1/2010,34.33
7/1/2010,33.33
8/1/2010,17.5
9/1/2010,25.33
10/1/2010,45.33
11/1/2010,56
12/1/2010,43.67
13/1/2010,47
14/1/2010,39
15/1/2010,41.67
16/1/2010,41.33
17/1/2010,59.33
18/1/2010,56.33
19/1/2010,51
20/1/2010,56
21/1/2010,39.75
22/1/2010,42
23/1/2010,38.67
24/1/2010,25
25/1/2010,25
26/1/2010,23.67
27/1/2010,23.33
28/1/2010,28.33
29/1/2010,32.33
30/1/2010,28
31/1/2010,25.33
1/2/2010,33.33
2/2/2010,37
3/2/2010,48.33
4/2/2010,53
5/2/2010,38
6/2/2010,40.67
7/2/2010,25.67
8/2/2010,27
9/2/2010,31.5
10/2/2010,32.33
11/2/2010,24.67
12/2/2010,31.67
13/2/2010,28.67
14/2/2010,33.33
15/2/2010,44
16/2/2010,44.33
17/2/2010,34.67
18/2/2010,31.33
19/2/2010,35
20/2/2010,41.33
21/2/2010,49.67
22/2/2010,46.33
23/2/2010,49.67
24/2/2010,36.67
25/2/2010,42.67
26/2/2010,53.67
27/2/2010,40
28/2/2010,49
1/3/2010,49.33
2/3/2010,53
3/3/2010,61.33
4/3/2010,66.33
5/3/2010,61.67
6/3/2010,57.67
7/3/2010,49.67
8/3/2010,49.67
9/3/2010,63.67
10/3/2010,60
11/3/2010,65.33
12/3/2010,48.67
13/3/2010,42.67
14/3/2010,47.67
15/3/2010,34.33
16/3/2010,47
17/3/2010,42.67
18/3/2010,48.67
19/3/2010,38.67
20/3/2010,27.67
21/3/2010,29.33
22/3/2010,36.33
23/3/2010,27
24/3/2010,34.33
25/3/2010,38
26/3/2010,35
27/3/2010,33.67
28/3/2010,45.67
29/3/2010,44
30/3/2010,34.33
31/3/2010,39.33
1/4/2010,39.33
2/4/2010,41
3/4/2010,31.5
4/4/2010,30
5/4/2010,27
6/4/2010,31
7/4/2010,39
8/4/2010,38
9/4/2010,45
10/4/2010,36.67
11/4/2010,56.67
12/4/2010,49.67
13/4/2010,43
14/4/2010,45.67
15/4/2010,41.33
16/4/2010,44.67
17/4/2010,40.67
18/4/2010,23.67
19/4/2010,33.33
20/4/2010,44.67
21/4/2010,48
22/4/2010,34.67
23/4/2010,32
24/4/2010,32
25/4/2010,38
26/4/2010,28.33
27/4/2010,37.67
28/4/2010,42.33
29/4/2010,45
30/4/2010,40.33
1/5/2010,33.67
2/5/2010,45
3/5/2010,36.33
4/5/2010,41.33
5/5/2010,46.67
6/5/2010,41.67
7/5/2010,47.33
8/5/2010,46.33
9/5/2010,44.33
10/5/2010,36
11/5/2010,55.33
12/5/2010,40.33
13/5/2010,54.33
14/5/2010,50.67
15/5/2010,42.67
16/5/2010,38.67
17/5/2010,31.67
18/5/2010,40
19/5/2010,25.67
20/5/2010,30.67
21/5/2010,42.33
22/5/2010,50.67
23/5/2010,37.67
24/5/2010,51.33
25/5/2010,50.67
26/5/2010,44.33
27/5/2010,47.33
28/5/2010,53
29/5/2010,54
30/5/2010,31
31/5/2010,37
1/6/2010,45.67
2/6/2010,40.33
3/6/2010,35.67
4/6/2010,26.33
5/6/2010,33.67
6/6/2010,26.33
7/6/2010,29.33
8/6/2010,26.67
9/6/2010,43.33
10/6/2010,39
11/6/2010,36.33
12/6/2010,41
13/6/2010,55.33
14/6/2010,33
15/6/2010,30.67
16/6/2010,25.67
17/6/2010,36.33
18/6/2010,44
19/6/2010,42.5
20/6/2010,
21/6/2010,
22/6/2010,32
23/6/2010,26
24/6/2010,27.67
25/6/2010,25.33
26/6/2010,25
27/6/2010,31
28/6/2010,27.67
29/6/2010,32.33
30/6/2010,43
1/7/2010,38
2/7/2010,32.33
3/7/2010,20.67
4/7/2010,26.33
5/7/2010,37
6/7/2010,31.5
7/7/2010,36.67
8/7/2010,33
9/7/2010,41
10/7/2010,51
11/7/2010,43.33
12/7/2010,32.67
13/7/2010,40.33
14/7/2010,39.67
15/7/2010,34
16/7/2010,31.5
17/7/2010,19.33
18/7/2010,25
19/7/2010,29.67
20/7/2010,35.33
21/7/2010,29
22/7/2010,41.33
23/7/2010,23
24/7/2010,30
25/7/2010,32.67
26/7/2010,32.33
27/7/2010,36.33
28/7/2010,35
29/7/2010,28.67
30/7/2010,30
31/7/2010,27.33
1/8/2010,28.33
2/8/2010,29.33
3/8/2010,35
4/8/2010,41
5/8/2010,32.33
6/8/2010,42.67
7/8/2010,44.67
8/8/2010,56
9/8/2010,44
10/8/2010,34
11/8/2010,41.67
12/8/2010,30.33
13/8/2010,33.5
14/8/2010,33
15/8/2010,42.67
16/8/2010,41
17/8/2010,30.67
18/8/2010,28.67
19/8/2010,26
20/8/2010,25
21/8/2010,31.67
22/8/2010,44
23/8/2010,61
24/8/2010,45
25/8/2010,41
26/8/2010,44
27/8/2010,48
28/8/2010,36.67
29/8/2010,
30/8/2010,30
31/8/2010,30
1/9/2010,48
2/9/2010,31
3/9/2010,37
4/9/2010,31.33
5/9/2010,36.33
6/9/2010,44
7/9/2010,34.5
8/9/2010,54.33
9/9/2010,34.5
10/9/2010,42.67
11/9/2010,43
12/9/2010,45.33
13/9/2010,42
14/9/2010,42.67
15/9/2010,52.33
16/9/2010,45
17/9/2010,62
18/9/2010,44.67
19/9/2010,53.67
20/9/2010,50.33
21/9/2010,42
22/9/2010,36.33
23/9/2010,40.33
24/9/2010,33.5
25/9/2010,33.33
26/9/2010,41
27/9/2010,33.33
28/9/2010,33
29/9/2010,46.33
30/9/2010,40
1/10/2010,31
2/10/2010,46.33
3/10/2010,28
4/10/2010,32.33
5/10/2010,31.33
6/10/2010,29.67
7/10/2010,35.67
8/10/2010,50
9/10/2010,64
10/10/2010,65.67
11/10/2010,51.67
12/10/2010,58.67
13/10/2010,43.67
14/10/2010,38
15/10/2010,52
16/10/2010,67.67
17/10/2010,71.67
18/10/2010,90.67
19/10/2010,79.67
20/10/2010,102
21/10/2010,66.67
22/10/2010,57.67
23/10/2010,42.33
24/10/2010,36.67
25/10/2010,33.33
26/10/2010,54.67
27/10/2010,36
28/10/2010,36.67
29/10/2010,53.33
30/10/2010,37.67
31/10/2010,35
1/11/2010,32.33
2/11/2010,29
3/11/2010,26.33
4/11/2010,49.33
5/11/2010,49.67
6/11/2010,48.33
7/11/2010,31
8/11/2010,33.33
9/11/2010,57
10/11/2010,35.67
11/11/2010,45
12/11/2010,33.67
13/11/2010,34
14/11/2010,26
15/11/2010,26.33
16/11/2010,38
17/11/2010,33
18/11/2010,26.67
19/11/2010,35.33
20/11/2010,30
21/11/2010,39
22/11/2010,35.67
23/11/2010,44
24/11/2010,34
25/11/2010,37
26/11/2010,27
27/11/2010,34.33
28/11/2010,56.33
29/11/2010,32.67
30/11/2010,28.33
1/12/2010,33.33
2/12/2010,29
3/12/2010,42.67
4/12/2010,35.33
5/12/2010,42
6/12/2010,34.67
7/12/2010,43.33
8/12/2010,51
9/12/2010,38.67
10/12/2010,50.33
11/12/2010,52
12/12/2010,48.33
13/12/2010,43.67
14/12/2010,40.67
15/12/2010,51
16/12/2010,40.33
17/12/2010,34
18/12/2010,31.67
19/12/2010,32
20/12/2010,33
21/12/2010,41.67
22/12/2010,37.67
23/12/2010,30.33
24/12/2010,32
25/12/2010,34.33
26/12/2010,39.33
27/12/2010,50.67
28/12/2010,59.67
29/12/2010,40.33
30/12/2010,43.33
31/12/2010,28.67
1/1/2011,27.33
2/1/2011,28
3/1/2011,34.33
4/1/2011,30
5/1/2011,38.67
6/1/2011,35.67
7/1/2011,27.33
8/1/2011,31.67
9/1/2011,31.67
10/1/2011,46
11/1/2011,36.33
12/1/2011,44
13/1/2011,35.33
14/1/2011,34.5
15/1/2011,37.67
16/1/2011,47
17/1/2011,43.33
18/1/2011,47.33
19/1/2011,46.67
20/1/2011,63.67
21/1/2011,53.67
22/1/2011,42
23/1/2011,42.67
24/1/2011,34.33
25/1/2011,31
26/1/2011,28
27/1/2011,30
28/1/2011,30.33
29/1/2011,32.67
30/1/2011,27.33
31/1/2011,21.67
1/2/2011,29.33
2/2/2011,33
3/2/2011,36.33
4/2/2011,38
5/2/2011,43.33
6/2/2011,43.33
7/2/2011,47
8/2/2011,50.67
9/2/2011,61.67
10/2/2011,63
11/2/2011,61.33
12/2/2011,60.67
13/2/2011,57.33
14/2/2011,42.33
15/2/2011,40
16/2/2011,35.67
17/2/2011,45.67
18/2/2011,50
19/2/2011,51.33
20/2/2011,45.67
21/2/2011,56
22/2/2011,48
23/2/2011,32
24/2/2011,42.67
25/2/2011,37.33
26/2/2011,37.33
27/2/2011,37.67
28/2/2011,57
1/3/2011,55.67
2/3/2011,52
3/3/2011,56
4/3/2011,48.67
5/3/2011,45.33
6/3/2011,46
7/3/2011,62.67
8/3/2011,54.33
9/3/2011,33.33
10/3/2011,30
11/3/2011,32
12/3/2011,24.67
13/3/2011,24
14/3/2011,33
15/3/2011,31
16/3/2011,39.67
17/3/2011,36
18/3/2011,34
19/3/2011,34.33
20/3/2011,28
21/3/2011,36.33
22/3/2011,31.33
23/3/2011,31.5
24/3/2011,34.33
25/3/2011,30.67
26/3/2011,26
27/3/2011,43.67
28/3/2011,41.67
29/3/2011,33.33
30/3/2011,45.67
31/3/2011,43.67
1/4/2011,47
2/4/2011,48
3/4/2011,45.33
4/4/2011,53.33
5/4/2011,51.33
6/4/2011,48
7/4/2011,45
8/4/2011,50.67
9/4/2011,51.67
10/4/2011,38
11/4/2011,32
12/4/2011,42.33
13/4/2011,43
14/4/2011,41
15/4/2011,44
16/4/2011,34.67
17/4/2011,37
18/4/2011,43
19/4/2011,38.67
20/4/2011,47.5
21/4/2011,39
22/4/2011,34.67
23/4/2011,35.67
24/4/2011,33.67
25/4/2011,33
26/4/2011,33.67
27/4/2011,38.67
28/4/2011,44
29/4/2011,47.5
30/4/2011,41
1/5/2011,46.67
2/5/2011,40.33
3/5/2011,39.5
4/5/2011,40.33
5/5/2011,46.33
6/5/2011,45.67
7/5/2011,52
8/5/2011,53
9/5/2011,53.33
10/5/2011,59.67
11/5/2011,76.67
12/5/2011,82.33
13/5/2011,70.33
14/5/2011,54.67
15/5/2011,43.67
16/5/2011,52
17/5/2011,45.33
18/5/2011,49.33
19/5/2011,35.67
20/5/2011,37.67
21/5/2011,42.67
22/5/2011,33.67
23/5/2011,37.33
24/5/2011,49.67
25/5/2011,39.33
26/5/2011,40.67
27/5/2011,49.67
28/5/2011,37.33
29/5/2011,48
30/5/2011,55
31/5/2011,43
1/6/2011,47.33
2/6/2011,49
3/6/2011,52.67
4/6/2011,52.5
5/6/2011,39
6/6/2011,38.33
7/6/2011,51.33
8/6/2011,56
9/6/2011,53.33
10/6/2011,46
11/6/2011,56.67
12/6/2011,20
13/6/2011,52.67
14/6/2011,45.33
15/6/2011,48.33
16/6/2011,52
17/6/2011,58.5
18/6/2011,44.5
19/6/2011,50.33
20/6/2011,44.33
21/6/2011,39
22/6/2011,45.33
23/6/2011,42
24/6/2011,41.33
25/6/2011,38.67
26/6/2011,42
27/6/2011,43.67
28/6/2011,52
29/6/2011,49.67
30/6/2011,46
1/7/2011,48
2/7/2011,42.67
3/7/2011,51.33
4/7/2011,59.33
5/7/2011,56.33
6/7/2011,50.33
7/7/2011,54
8/7/2011,52.33
9/7/2011,53.67
10/7/2011,58.33
11/7/2011,70.67
12/7/2011,72.33
13/7/2011,39.33
14/7/2011,43.67
15/7/2011,41.67
16/7/2011,29.67
17/7/2011,29.33
18/7/2011,34
19/7/2011,39.67
20/7/2011,39
21/7/2011,42.67
22/7/2011,46.67
23/7/2011,53.33
24/7/2011,50.67
25/7/2011,53
26/7/2011,48.67
27/7/2011,48.67
28/7/2011,58
29/7/2011,48.33
30/7/2011,52
31/7/2011,50.33
1/8/2011,52
2/8/2011,51
3/8/2011,50.67
4/8/2011,48.33
5/8/2011,61.33
6/8/2011,65.67
7/8/2011,50.33
8/8/2011,40.33
9/8/2011,54.33
10/8/2011,55.33
11/8/2011,55.33
12/8/2011,65.33
13/8/2011,48.33
14/8/2011,55.33
15/8/2011,43.67
16/8/2011,56.33
17/8/2011,62.33
18/8/2011,50.5
19/8/2011,47
20/8/2011,37.67
21/8/2011,49
22/8/2011,44
23/8/2011,52.67
24/8/2011,58.67
25/8/2011,53
26/8/2011,33
27/8/2011,40.33
28/8/2011,40.67
29/8/2011,50.33
30/8/2011,54.33
31/8/2011,55.33
1/9/2011,42.33
2/9/2011,44
3/9/2011,51
4/9/2011,62.33
5/9/2011,52
6/9/2011,58
7/9/2011,54.67
8/9/2011,55.67
9/9/2011,77
10/9/2011,57
11/9/2011,54.67
12/9/2011,69
13/9/2011,74.33
14/9/2011,50.33
15/9/2011,48.67
16/9/2011,50.33
17/9/2011,52
18/9/2011,52.67
19/9/2011,35.33
20/9/2011,43.67
21/9/2011,45
22/9/2011,32.67
23/9/2011,35
24/9/2011,50.67
25/9/2011,52.33
26/9/2011,41
27/9/2011,26
28/9/2011,37
29/9/2011,43.33
30/9/2011,47.67
1/10/2011,50
2/10/2011,38.67
3/10/2011,49
4/10/2011,46.33
5/10/2011,28.67
6/10/2011,48.33
7/10/2011,49.33
8/10/2011,50.33
9/10/2011,39.33
10/10/2011,37.67
11/10/2011,37.33
12/10/2011,38.67
13/10/2011,50.33
14/10/2011,60
15/10/2011,53
16/10/2011,48.33
17/10/2011,41.67
18/10/2011,34
19/10/2011,28
20/10/2011,28.67
21/10/2011,26
22/10/2011,27.67
23/10/2011,30.33
24/10/2011,25.67
25/10/2011,27.33
26/10/2011,25.67
27/10/2011,26
28/10/2011,23
29/10/2011,25.33
30/10/2011,28.67
31/10/2011,35
1/11/2011,37.67
2/11/2011,28.67
3/11/2011,35.67
4/11/2011,30.33
5/11/2011,27
6/11/2011,34.33
7/11/2011,29.67
8/11/2011,29
9/11/2011,34.67
10/11/2011,41.67
11/11/2011,38
12/11/2011,37.67
13/11/2011,31.67
14/11/2011,33.33
15/11/2011,33.67
16/11/2011,31.33
17/11/2011,30.67
18/11/2011,32.67
19/11/2011,38
20/11/2011,33.67
21/11/2011,23.67
22/11/2011,25.67
23/11/2011,22.33
24/11/2011,21
25/11/2011,20
26/11/2011,24
27/11/2011,28
28/11/2011,25.33
29/11/2011,29.67
30/11/2011,30.33
1/12/2011,37
2/12/2011,35.67
3/12/2011,41
4/12/2011,31.33
5/12/2011,36.33
6/12/2011,46.67
7/12/2011,39.5
8/12/2011,38
9/12/2011,52.33
10/12/2011,41.67
11/12/2011,27.67
12/12/2011,24.67
13/12/2011,32
14/12/2011,42.67
15/12/2011,34.67
16/12/2011,40.67
17/12/2011,22.67
18/12/2011,23.67
19/12/2011,27
20/12/2011,28.33
21/12/2011,40.67
22/12/2011,30.67
23/12/2011,22.67
24/12/2011,25.33
25/12/2011,27.67
26/12/2011,44.67
27/12/2011,42
28/12/2011,34.67
29/12/2011,27.67
30/12/2011,30.33
31/12/2011,38
1/1/2012,51.67
2/1/2012,45.67
3/1/2012,39.67
4/1/2012,33
5/1/2012,33
6/1/2012,34.33
7/1/2012,35.5
8/1/2012,34.67
9/1/2012,33.67
10/1/2012,37.33
11/1/2012,29
12/1/2012,29.33
13/1/2012,27
14/1/2012,38.33
15/1/2012,44.67
16/1/2012,39
17/1/2012,55.67
18/1/2012,46.67
19/1/2012,41.67
20/1/2012,39
21/1/2012,38
22/1/2012,32.67
23/1/2012,28.33
24/1/2012,42.67
25/1/2012,46.33
26/1/2012,42.67
27/1/2012,43.33
28/1/2012,37.33
29/1/2012,33
30/1/2012,39.33
31/1/2012,37.33
1/2/2012,28
2/2/2012,33.33
3/2/2012,32.33
4/2/2012,34.67
5/2/2012,38
6/2/2012,46.67
7/2/2012,48.33
8/2/2012,39.67
9/2/2012,42
10/2/2012,36.67
11/2/2012,35.67
12/2/2012,40
13/2/2012,38.67
14/2/2012,42.33
15/2/2012,37.67
16/2/2012,45.67
17/2/2012,52.67
18/2/2012,46.33
19/2/2012,36.33
20/2/2012,33.33
21/2/2012,35
22/2/2012,33
23/2/2012,39
24/2/2012,36
25/2/2012,40.67
26/2/2012,36
27/2/2012,25.5
28/2/2012,33
29/2/2012,31.67
1/3/2012,29.33
2/3/2012,27
3/3/2012,31.67
4/3/2012,32.67
5/3/2012,33.33
6/3/2012,45.33
7/3/2012,40.33
8/3/2012,34.33
9/3/2012,32
10/3/2012,39.67
11/3/2012,41.5
12/3/2012,28
13/3/2012,36.67
14/3/2012,31.33
15/3/2012,42.33
16/3/2012,51.67
17/3/2012,49.33
18/3/2012,43.33
19/3/2012,55.33
20/3/2012,59.33
21/3/2012,55.33
22/3/2012,50.67
23/3/2012,57.33
24/3/2012,56.33
25/3/2012,55
26/3/2012,49.33
27/3/2012,46.33
28/3/2012,41.33
29/3/2012,50
30/3/2012,49.33
31/3/2012,38
1/4/2012,50
2/4/2012,46.33
3/4/2012,37.67
4/4/2012,36
5/4/2012,51
6/4/2012,53.33
7/4/2012,41
8/4/2012,38.67
9/4/2012,24.67
10/4/2012,38.33
11/4/2012,36.33
12/4/2012,37.33
13/4/2012,37.33
14/4/2012,37.33
15/4/2012,39.67
16/4/2012,41.67
17/4/2012,44.33
18/4/2012,35.33
19/4/2012,31
20/4/2012,33
21/4/2012,39.33
22/4/2012,29
23/4/2012,36.67
24/4/2012,39.67
25/4/2012,41.5
26/4/2012,36.33
27/4/2012,35.33
28/4/2012,40.33
29/4/2012,42.67
30/4/2012,36.67
1/5/2012,39
2/5/2012,47.33
3/5/2012,48
4/5/2012,40.67
5/5/2012,40
6/5/2012,43
7/5/2012,30.33
8/5/2012,33
9/5/2012,41.33
10/5/2012,52.67
11/5/2012,52.33
12/5/2012,37
13/5/2012,42.33
14/5/2012,36
15/5/2012,50.33
16/5/2012,55.33
17/5/2012,40.67
18/5/2012,43.33
19/5/2012,45.67
20/5/2012,37
21/5/2012,43.5
22/5/2012,49
23/5/2012,49.67
24/5/2012,42.67
25/5/2012,37
26/5/2012,41.33
27/5/2012,33.33
28/5/2012,28.33
29/5/2012,34.33
30/5/2012,37.67
31/5/2012,47
1/6/2012,43
2/6/2012,44.33
3/6/2012,45.67
4/6/2012,55.67
5/6/2012,53
6/6/2012,43.5
7/6/2012,34
8/6/2012,38.67
9/6/2012,34.33
10/6/2012,31.33
11/6/2012,30
12/6/2012,45.33
13/6/2012,41
14/6/2012,53.5
15/6/2012,60
16/6/2012,64.67
17/6/2012,54.33
18/6/2012,59.33
19/6/2012,68.33
20/6/2012,58.33
21/6/2012,60
22/6/2012,56.67
23/6/2012,51
24/6/2012,49.33
25/6/2012,52
26/6/2012,54.33
27/6/2012,58.67
28/6/2012,60.33
29/6/2012,64
30/6/2012,59.33
1/7/2012,56.67
2/7/2012,51.67
3/7/2012,52.33
4/7/2012,62.67
5/7/2012,54.67
6/7/2012,46.67
7/7/2012,40.33
8/7/2012,47.33
9/7/2012,46.33
10/7/2012,47.67
11/7/2012,50.67
12/7/2012,41.33
13/7/2012,36.33
14/7/2012,57.67
15/7/2012,52.33
16/7/2012,34.33
17/7/2012,33
18/7/2012,35.33
19/7/2012,41.33
20/7/2012,39.33
21/7/2012,47
22/7/2012,39.33
23/7/2012,52.67
24/7/2012,53.33
25/7/2012,59.67
26/7/2012,59
27/7/2012,58.33
28/7/2012,51.33
29/7/2012,49
30/7/2012,57
31/7/2012,71.33
1/8/2012,57.33
2/8/2012,56.67
3/8/2012,59.33
4/8/2012,51.33
5/8/2012,54.67
6/8/2012,47.33
7/8/2012,44.67
8/8/2012,50
9/8/2012,51
10/8/2012,55.67
11/8/2012,59.33
12/8/2012,60.67
13/8/2012,59
14/8/2012,55
15/8/2012,55
16/8/2012,56
17/8/2012,67
18/8/2012,73.67
19/8/2012,66.33
20/8/2012,54.67
21/8/2012,48.33
22/8/2012,
23/8/2012,
24/8/2012,50
25/8/2012,55.33
26/8/2012,63.67
27/8/2012,60
28/8/2012,60
29/8/2012,56.67
30/8/2012,69.33
31/8/2012,54.67
1/9/2012,64.33
2/9/2012,62
3/9/2012,76
4/9/2012,72
5/9/2012,
6/9/2012,48
7/9/2012,47.33
8/9/2012,71
9/9/2012,61.33
10/9/2012,51.67
11/9/2012,54.33
12/9/2012,47.33
13/9/2012,51
14/9/2012,45
15/9/2012,59
16/9/2012,57.67
17/9/2012,55.67
18/9/2012,71.33
19/9/2012,72.33
20/9/2012,61.67
21/9/2012,55.67
22/9/2012,58.33
23/9/2012,63.67
24/9/2012,53.67
25/9/2012,42
26/9/2012,41
27/9/2012,53.67
28/9/2012,36.33
29/9/2012,51.33
30/9/2012,73.33
1/10/2012,82.5
2/10/2012,
3/10/2012,33
4/10/2012,28.67
5/10/2012,35
6/10/2012,28
7/10/2012,25.67
8/10/2012,30
9/10/2012,37.67
10/10/2012,44
11/10/2012,44.33
12/10/2012,55
13/10/2012,26.67
14/10/2012,38.67
15/10/2012,28
16/10/2012,44.33
17/10/2012,51.67
18/10/2012,42.33
19/10/2012,35.67
20/10/2012,38
21/10/2012,36.33
22/10/2012,28.33
23/10/2012,46
24/10/2012,55.33
25/10/2012,51.33
26/10/2012,49.33
27/10/2012,42.67
28/10/2012,37.33
29/10/2012,37
30/10/2012,40
31/10/2012,33.33
1/11/2012,30.67
2/11/2012,31.33
3/11/2012,29.67
4/11/2012,29.33
5/11/2012,28.67
6/11/2012,35.67
7/11/2012,30
8/11/2012,32
9/11/2012,27.67
10/11/2012,36
11/11/2012,35
12/11/2012,33.33
13/11/2012,32.33
14/11/2012,33.67
15/11/2012,37
16/11/2012,
17/11/2012,25.5
18/11/2012,26.33
19/11/2012,25.67
20/11/2012,22.33
21/11/2012,27.33
22/11/2012,19.67
23/11/2012,20
24/11/2012,25.33
25/11/2012,23
26/11/2012,24
27/11/2012,23.5
28/11/2012,23
29/11/2012,28
30/11/2012,32
1/12/2012,38.67
2/12/2012,39.67
3/12/2012,30.33
4/12/2012,33.33
5/12/2012,32.67
6/12/2012,45
7/12/2012,37.67
8/12/2012,38
9/12/2012,40
10/12/2012,37.33
11/12/2012,41
12/12/2012,41.33
13/12/2012,38.33
14/12/2012,44.33
15/12/2012,38.67
16/12/2012,37
17/12/2012,34.33
18/12/2012,32.67
19/12/2012,31.67
20/12/2012,28.33
21/12/2012,35
22/12/2012,43.33
23/12/2012,33.67
24/12/2012,31.33
25/12/2012,27
26/12/2012,25.33
27/12/2012,36.67
28/12/2012,39
29/12/2012,40.33
30/12/2012,47.33
31/12/2012,42
1/1/2013,34.33
2/1/2013,27
3/1/2013,35
4/1/2013,35.67
5/1/2013,41.33
6/1/2013,43.33
7/1/2013,52.67
8/1/2013,66.67
9/1/2013,64
10/1/2013,60.67
11/1/2013,52
12/1/2013,
13/1/2013,
14/1/2013,
15/1/2013,
16/1/2013,
17/1/2013,
18/1/2013,50
19/1/2013,31.5
20/1/2013,48
21/1/2013,58
22/1/2013,
23/1/2013,
24/1/2013,
25/1/2013,
26/1/2013,
27/1/2013,
28/1/2013,10
29/1/2013,46
30/1/2013,53.67
31/1/2013,46
1/2/2013,36.33
2/2/2013,36.67
3/2/2013,33.67
4/2/2013,29.33
5/2/2013,22
6/2/2013,25
7/2/2013,
8/2/2013,
9/2/2013,
10/2/2013,33
11/2/2013,23
12/2/2013,23.67
13/2/2013,22.33
14/2/2013,43.67
15/2/2013,31.33
16/2/2013,22.67
17/2/2013,20.67
18/2/2013,36.33
19/2/2013,31.33
20/2/2013,36.67
21/2/2013,28.67
22/2/2013,38.33
23/2/2013,45.67
24/2/2013,48
25/2/2013,31.67
26/2/2013,28.67
27/2/2013,33.33
28/2/2013,37.67
1/3/2013,38.33
2/3/2013,31.33
3/3/2013,29.67
4/3/2013,35.5
5/3/2013,47
6/3/2013,51
7/3/2013,43.33
8/3/2013,40.67
9/3/2013,51.33
10/3/2013,49.33
11/3/2013,64.33
12/3/2013,51
13/3/2013,51.67
14/3/2013,61.67
15/3/2013,55.33
16/3/2013,38.33
17/3/2013,39
18/3/2013,46
19/3/2013,55
20/3/2013,49.5
21/3/2013,61.67
22/3/2013,52.67
23/3/2013,56.67
24/3/2013,48.33
25/3/2013,46
26/3/2013,57.33
27/3/2013,54.67
28/3/2013,57.33
29/3/2013,52.5
30/3/2013,41.5
31/3/2013,40
1/4/2013,39
2/4/2013,34.33
3/4/2013,42
4/4/2013,36.33
5/4/2013,33.33
6/4/2013,33.67
7/4/2013,37.67
8/4/2013,45.67
9/4/2013,66
10/4/2013,60
11/4/2013,51
12/4/2013,57.67
13/4/2013,52
14/4/2013,56.33
15/4/2013,47.67
16/4/2013,57.67
17/4/2013,48
18/4/2013,51
19/4/2013,45.67
20/4/2013,51.67
21/4/2013,51.67
22/4/2013,58
23/4/2013,58.67
24/4/2013,54.33
25/4/2013,50
26/4/2013,44.33
27/4/2013,57
28/4/2013,52.67
29/4/2013,50
30/4/2013,49.33
1/5/2013,46
2/5/2013,53
3/5/2013,52.67
4/5/2013,47.67
5/5/2013,45
6/5/2013,40.33
7/5/2013,54.33
8/5/2013,45.33
9/5/2013,47.5
10/5/2013,42
11/5/2013,47
12/5/2013,47.67
13/5/2013,50.67
14/5/2013,47.67
15/5/2013,63.33
16/5/2013,65.33
17/5/2013,45.67
18/5/2013,56.67
19/5/2013,58
20/5/2013,60.33
21/5/2013,64.67
22/5/2013,65
23/5/2013,58.33
24/5/2013,62
25/5/2013,65
26/5/2013,54.67
27/5/2013,54.67
28/5/2013,52
29/5/2013,52
30/5/2013,51.67
31/5/2013,52.67
1/6/2013,56.67
2/6/2013,49
3/6/2013,50.67
4/6/2013,57
5/6/2013,64
6/6/2013,57
7/6/2013,59.33
8/6/2013,54.67
9/6/2013,54.67
10/6/2013,40
11/6/2013,44
12/6/2013,54.67
13/6/2013,62
14/6/2013,78.33
15/6/2013,100
16/6/2013,134
17/6/2013,97.67
18/6/2013,68.33
19/6/2013,156.33
20/6/2013,140.33
21/6/2013,222.67
22/6/2013,180.67
23/6/2013,381.67
24/6/2013,150.88
25/6/2013,128.21
26/6/2013,95.04
27/6/2013,84.87
28/6/2013,57.38
29/6/2013,63
30/6/2013,61.46
1/7/2013,54.71
2/7/2013,57.25
3/7/2013,57.08
4/7/2013,57.67
5/7/2013,50.92
6/7/2013,55.21
7/7/2013,52
8/7/2013,52.95
9/7/2013,55.92
10/7/2013,44.5
11/7/2013,41.48
12/7/2013,50
13/7/2013,52.38
14/7/2013,48.83
15/7/2013,54.71
16/7/2013,52.08
17/7/2013,54.96
18/7/2013,58
19/7/2013,49.35
20/7/2013,58.5
21/7/2013,82.88
22/7/2013,103.54
23/7/2013,81.79
24/7/2013,62.17
25/7/2013,57.17
26/7/2013,53.79
27/7/2013,51.92
28/7/2013,55.79
29/7/2013,59.29
30/7/2013,58.83
31/7/2013,60.42
1/8/2013,59.79
2/8/2013,70.58
3/8/2013,55.33
4/8/2013,52.17
5/8/2013,47.61
6/8/2013,58.79
7/8/2013,58
8/8/2013,61.75
9/8/2013,43.62
10/8/2013,44.62
11/8/2013,46.29
12/8/2013,42.88
13/8/2013,51.5
14/8/2013,54.17
15/8/2013,54.83
16/8/2013,57.04
17/8/2013,57.21
18/8/2013,54.62
19/8/2013,51.46
20/8/2013,57.29
21/8/2013,60.42
22/8/2013,61.52
23/8/2013,56.2
24/8/2013,55.62
25/8/2013,58.04
26/8/2013,58.04
27/8/2013,64.43
28/8/2013,74
29/8/2013,66.38
30/8/2013,61.17
31/8/2013,55.5
1/9/2013,43.75
2/9/2013,43.71
3/9/2013,46.12
4/9/2013,48.46
5/9/2013,42.33
6/9/2013,35.12
7/9/2013,37.04
8/9/2013,38.08
9/9/2013,39.71
10/9/2013,42.92
11/9/2013,40.38
12/9/2013,52.04
13/9/2013,55.62
14/9/2013,55.58
15/9/2013,44.08
16/9/2013,41.04
17/9/2013,54.5
18/9/2013,57.35
19/9/2013,63.09
20/9/2013,61.12
21/9/2013,61.08
22/9/2013,59.42
23/9/2013,57.29
24/9/2013,64.04
25/9/2013,63.48
26/9/2013,69.5
27/9/2013,63.04
28/9/2013,62.83
29/9/2013,54.87
30/9/2013,51.62
1/10/2013,54
2/10/2013,53.25
3/10/2013,51.12
4/10/2013,52.92
5/10/2013,54.62
6/10/2013,48.04
7/10/2013,48.25
8/10/2013,50.21
9/10/2013,55.29
10/10/2013,45.33
11/10/2013,55.78
12/10/2013,54.42
13/10/2013,47.17
14/10/2013,47.04
15/10/2013,43.71
16/10/2013,48.42
17/10/2013,57.08
18/10/2013,57.96
19/10/2013,53.54
20/10/2013,45.83
21/10/2013,40.21
22/10/2013,40.91
23/10/2013,37.21
24/10/2013,44
25/10/2013,52.13
26/10/2013,50.12
27/10/2013,51.54
28/10/2013,49
29/10/2013,51.21
30/10/2013,47
31/10/2013,48.22
1/11/2013,47.58
2/11/2013,30.5
3/11/2013,37.3
4/11/2013,37.17
5/11/2013,50
6/11/2013,46.92
7/11/2013,39.87
8/11/2013,47.58
9/11/2013,48
10/11/2013,46.75
11/11/2013,34.26
12/11/2013,37.29
13/11/2013,52.48
14/11/2013,48.58
15/11/2013,43.67
16/11/2013,53.25
17/11/2013,38.26
18/11/2013,38.25
19/11/2013,41.75
20/11/2013,44.33
21/11/2013,41
22/11/2013,41.88
23/11/2013,49.35
24/11/2013,46.08
25/11/2013,37.12
26/11/2013,36.12
27/11/2013,48.58
28/11/2013,42.79
29/11/2013,28.83
30/11/2013,26.83
1/12/2013,27
2/12/2013,31.46
3/12/2013,28.79
4/12/2013,24.5
5/12/2013,23.67
6/12/2013,22.58
7/12/2013,26.7
8/12/2013,24.38
9/12/2013,35.46
10/12/2013,31.17
11/12/2013,24.7
12/12/2013,35.71
13/12/2013,45.04
14/12/2013,47.71
15/12/2013,40
16/12/2013,39.88
17/12/2013,38.67
18/12/2013,23
19/12/2013,23.95
20/12/2013,27.36
21/12/2013,20.62
22/12/2013,28.32
23/12/2013,23.77
24/12/2013,29.35
25/12/2013,32.39
26/12/2013,30.71
27/12/2013,38.29
28/12/2013,39
29/12/2013,42.83
30/12/2013,49.57
31/12/2013,43.39
1/1/2014,29.17
2/1/2014,29.27
3/1/2014,18.96
4/1/2014,22.32
5/1/2014,23.08
6/1/2014,27.04
7/1/2014,31.83
8/1/2014,22.5
9/1/2014,30.5
10/1/2014,24.48
11/1/2014,49.88
12/1/2014,36.29
13/1/2014,32.8
14/1/2014,41.39
15/1/2014,43.96
16/1/2014,48.83
17/1/2014,52.29
18/1/2014,49.25
19/1/2014,46.65
20/1/2014,47.52
21/1/2014,54.21
22/1/2014,53.44
23/1/2014,54.57
24/1/2014,58.38
25/1/2014,57.7
26/1/2014,55.92
27/1/2014,50.12
28/1/2014,44.48
29/1/2014,43.83
30/1/2014,37.08
31/1/2014,48.43
1/2/2014,51.33
2/2/2014,55.88
3/2/2014,61.83
4/2/2014,56.87
5/2/2014,52.52
6/2/2014,47.62
7/2/2014,49.08
8/2/2014,58.62
9/2/2014,56.33
10/2/2014,51.82
11/2/2014,48.45
12/2/2014,46.95
13/2/2014,45.83
14/2/2014,38.92
15/2/2014,40.24
16/2/2014,42.22
17/2/2014,48.38
18/2/2014,36.24
19/2/2014,42.7
20/2/2014,46.46
21/2/2014,42.62
22/2/2014,37.46
23/2/2014,41.5
24/2/2014,51.33
25/2/2014,60.46
26/2/2014,59.5
27/2/2014,51.87
28/2/2014,38.88
1/3/2014,43.87
2/3/2014,52.83
3/3/2014,65.17
4/3/2014,81.92
5/3/2014,74.44
6/3/2014,76.33
7/3/2014,89.75
8/3/2014,88.22
9/3/2014,90.36
10/3/2014,89.96
11/3/2014,84.35
12/3/2014,87.29
13/3/2014,101.58
14/3/2014,115.62
15/3/2014,82.29
16/3/2014,50
17/3/2014,26.71
18/3/2014,31.83
19/3/2014,31.68
20/3/2014,40.83
21/3/2014,49
22/3/2014,53.32
23/3/2014,45.17
24/3/2014,37.57
25/3/2014,43.43
26/3/2014,46.77
27/3/2014,49.57
28/3/2014,44.68
29/3/2014,42.54
30/3/2014,46.74
31/3/2014,46.39
1/4/2014,51.83
2/4/2014,53.16
3/4/2014,57.21
4/4/2014,51.62
5/4/2014,39.29
6/4/2014,32.92
7/4/2014,37.42
8/4/2014,47.96
9/4/2014,39.12
10/4/2014,42.29
11/4/2014,47.04
12/4/2014,38.21
13/4/2014,40.35
14/4/2014,44.12
15/4/2014,38.88
16/4/2014,36.33
17/4/2014,48.46
18/4/2014,43.42
19/4/2014,41.58
20/4/2014,44.67
21/4/2014,37.78
22/4/2014,36.54
23/4/2014,50.29
24/4/2014,50.45
25/4/2014,40.75
26/4/2014,44.29
27/4/2014,34.33
28/4/2014,30.58
29/4/2014,46.12
30/4/2014,43.33
1/5/2014,42.58
2/5/2014,38.92
3/5/2014,39.88
4/5/2014,33.5
5/5/2014,35.25
6/5/2014,31.78
7/5/2014,34.71
8/5/2014,27.42
9/5/2014,45.83
10/5/2014,42.12
11/5/2014,42.29
12/5/2014,47.83
13/5/2014,36.83
14/5/2014,34.83
15/5/2014,39.88
16/5/2014,37.62
17/5/2014,29.46
18/5/2014,30.42
19/5/2014,29.83
20/5/2014,34.17
21/5/2014,40.48
22/5/2014,34
23/5/2014,27.74
24/5/2014,35.42
25/5/2014,32.75
26/5/2014,34.25
27/5/2014,26.33
28/5/2014,25.79
29/5/2014,26.21
30/5/2014,34.62
31/5/2014,27.83
1/6/2014,32.26
2/6/2014,28.62
3/6/2014,40.38
4/6/2014,50.5
5/6/2014,49.55
6/6/2014,45.21
7/6/2014,43.3
8/6/2014,66.12
9/6/2014,38.25
10/6/2014,39.86
11/6/2014,46.29
12/6/2014,34.75
13/6/2014,25.54
14/6/2014,34.38
15/6/2014,32.38
16/6/2014,39.54
17/6/2014,43.75
18/6/2014,40.67
19/6/2014,53.96
20/6/2014,51
21/6/2014,49.25
22/6/2014,65.92
23/6/2014,87.29
24/6/2014,75.96
25/6/2014,51.04
26/6/2014,49.96
27/6/2014,53.5
28/6/2014,55.96
29/6/2014,66.09
30/6/2014,60.75
1/7/2014,49.75
2/7/2014,48.91
3/7/2014,45.3
4/7/2014,48.71
5/7/2014,38.96
6/7/2014,36.96
7/7/2014,44.58
8/7/2014,41.64
9/7/2014,46.6
10/7/2014,44.58
11/7/2014,46.71
12/7/2014,48.67
13/7/2014,47.21
14/7/2014,51.25
15/7/2014,58.88
16/7/2014,61.67
17/7/2014,61.05
18/7/2014,53.74
19/7/2014,53
20/7/2014,59.21
21/7/2014,53.78
22/7/2014,56.16
23/7/2014,51.92
24/7/2014,57.33
25/7/2014,60.96
26/7/2014,62.96
27/7/2014,58.92
28/7/2014,59.58
29/7/2014,54.58
30/7/2014,43.83
31/7/2014,45.58
1/8/2014,35.38
2/8/2014,33.46
3/8/2014,42.58
4/8/2014,44.21
5/8/2014,44.68
6/8/2014,43.5
7/8/2014,49.78
8/8/2014,44.12
9/8/2014,46.96
10/8/2014,43.83
11/8/2014,39.92
12/8/2014,45.33
13/8/2014,37.17
14/8/2014,36.04
15/8/2014,38.92
16/8/2014,47.33
17/8/2014,52.92
18/8/2014,50.91
19/8/2014,39.35
20/8/2014,55.48
21/8/2014,
22/8/2014,42.54
23/8/2014,53.88
24/8/2014,36.83
25/8/2014,39.22
26/8/2014,34.92
27/8/2014,37.64
28/8/2014,8
29/8/2014,
30/8/2014,32
31/8/2014,35.83
1/9/2014,30.38
2/9/2014,46.92
3/9/2014,33.96
4/9/2014,41.04
5/9/2014,47.17
6/9/2014,22
7/9/2014,25.43
8/9/2014,40.29
9/9/2014,46.46
10/9/2014,38.58
11/9/2014,43.33
12/9/2014,44.42
13/9/2014,52.29
14/9/2014,74.42
15/9/2014,55.35
16/9/2014,56.38
17/9/2014,57.58
18/9/2014,59.42
19/9/2014,64.79
20/9/2014,44.5
21/9/2014,20.88
22/9/2014,31.62
23/9/2014,48.62
24/9/2014,53.48
25/9/2014,46.17
26/9/2014,33.46
27/9/2014,46.96
28/9/2014,52.62
29/9/2014,62.25
30/9/2014,53.54
1/10/2014,56.55
2/10/2014,63.87
3/10/2014,58.25
4/10/2014,49.17
5/10/2014,25.21
6/10/2014,44.46
7/10/2014,84.5
8/10/2014,59.5
9/10/2014,66.91
10/10/2014,74.58
11/10/2014,62.79
12/10/2014,71.38
13/10/2014,56
14/10/2014,54.29
15/10/2014,48.54
16/10/2014,43.5
17/10/2014,33.79
18/10/2014,28.21
19/10/2014,40.21
20/10/2014,62.12
21/10/2014,59.25
22/10/2014,43.5
23/10/2014,37
24/10/2014,50.52
25/10/2014,51
26/10/2014,52.96
27/10/2014,42.48
28/10/2014,36.92
29/10/2014,40.96
30/10/2014,47.25
31/10/2014,43.25
1/11/2014,31.5
2/11/2014,29.12
3/11/2014,50.08
4/11/2014,75.29
5/11/2014,59.58
6/11/2014,46.75
7/11/2014,28.29
8/11/2014,27.04
9/11/2014,20.71
10/11/2014,31.46
11/11/2014,35.33
12/11/2014,39.79
13/11/2014,32.25
14/11/2014,24.62
15/11/2014,21.42
16/11/2014,23.17
17/11/2014,23.58
18/11/2014,22.71
19/11/2014,24.58
20/11/2014,28.54
21/11/2014,31.46
22/11/2014,34.29
23/11/2014,30.17
24/11/2014,25.67
25/11/2014,30.58
26/11/2014,28.5
27/11/2014,30.79
28/11/2014,37.21
29/11/2014,26.79
30/11/2014,27.83
1/12/2014,29.25
2/12/2014,36.54
3/12/2014,39.21
4/12/2014,37.71
5/12/2014,43.79
6/12/2014,40
7/12/2014,44.46
8/12/2014,34.88
9/12/2014,34.92
10/12/2014,37.21
11/12/2014,35.08
12/12/2014,34.62
13/12/2014,35.21
14/12/2014,34.62
15/12/2014,26
16/12/2014,24.79
17/12/2014,26.96
18/12/2014,24.92
19/12/2014,16.5
20/12/2014,31.33
21/12/2014,22.04
22/12/2014,19.38
23/12/2014,15.17
24/12/2014,17.83
25/12/2014,16.88
26/12/2014,19.42
27/12/2014,24.08
28/12/2014,16.21
29/12/2014,14.33
30/12/2014,17.42
31/12/2014,25.04
1/1/2015,36
2/1/2015,36
3/1/2015,70
4/1/2015,56
5/1/2015,78
6/1/2015,59
7/1/2015,40
8/1/2015,37
9/1/2015,18
10/1/2015,35
11/1/2015,33
12/1/2015,32
13/1/2015,39
14/1/2015,40
15/1/2015,37
16/1/2015,47
17/1/2015,49
18/1/2015,44
19/1/2015,43
20/1/2015,43
21/1/2015,47
22/1/2015,52
23/1/2015,48
24/1/2015,60
25/1/2015,73
26/1/2015,51
27/1/2015,63
28/1/2015,79
29/1/2015,34
30/1/2015,45
31/1/2015,41
1/2/2015,53
2/2/2015,38
3/2/2015,44
4/2/2015,35
5/2/2015,37
6/2/2015,43
7/2/2015,43
8/2/2015,51
9/2/2015,48
10/2/2015,52
11/2/2015,55
12/2/2015,79
13/2/2015,60
14/2/2015,61
15/2/2015,60
16/2/2015,44
17/2/2015,47
18/2/2015,45
19/2/2015,36
20/2/2015,33
21/2/2015,43
22/2/2015,46
23/2/2015,74
24/2/2015,45
25/2/2015,47
26/2/2015,59
27/2/2015,50
28/2/2015,50
1/3/2015,50
2/3/2015,63
3/3/2015,64
4/3/2015,71
5/3/2015,76
6/3/2015,89
7/3/2015,77
8/3/2015,46
9/3/2015,56
10/3/2015,63
11/3/2015,63
12/3/2015,66
13/3/2015,77
14/3/2015,86
15/3/2015,82
16/3/2015,94
17/3/2015,80
18/3/2015,89
19/3/2015,92
20/3/2015,93
21/3/2015,81
22/3/2015,74
23/3/2015,55
24/3/2015,55
25/3/2015,50
26/3/2015,43
27/3/2015,48
28/3/2015,36
29/3/2015,37
30/3/2015,50
31/3/2015,40
1/4/2015,68
2/4/2015,49
3/4/2015,63
4/4/2015,55
5/4/2015,47
6/4/2015,60
7/4/2015,50
8/4/2015,42
9/4/2015,42
10/4/2015,36
11/4/2015,44
12/4/2015,46
13/4/2015,42
14/4/2015,43
15/4/2015,43
16/4/2015,56
17/4/2015,48
18/4/2015,41
19/4/2015,35
20/4/2015,55
21/4/2015,62
22/4/2015,65
23/4/2015,38
24/4/2015,43
25/4/2015,55
26/4/2015,33
27/4/2015,45
28/4/2015,39
29/4/2015,60
30/4/2015,45
1/5/2015,64
2/5/2015,29
3/5/2015,38
4/5/2015,42
5/5/2015,56
6/5/2015,57
7/5/2015,56
8/5/2015,45
9/5/2015,36
10/5/2015,27
11/5/2015,48
12/5/2015,43
13/5/2015,36
14/5/2015,41
15/5/2015,47
16/5/2015,28
17/5/2015,27
18/5/2015,22
19/5/2015,
20/5/2015,36
21/5/2015,51
22/5/2015,50
23/5/2015,43
24/5/2015,48
25/5/2015,50
26/5/2015,42
27/5/2015,55
28/5/2015,40
29/5/2015,42
30/5/2015,
31/5/2015,
1/6/2015,
2/6/2015,
3/6/2015,
4/6/2015,
5/6/2015,
6/6/2015,61
7/6/2015,35
8/6/2015,39
9/6/2015,34
10/6/2015,57
11/6/2015,41
12/6/2015,31
13/6/2015,42
14/6/2015,35
15/6/2015,37
16/6/2015,38
17/6/2015,64
18/6/2015,47
19/6/2015,44
20/6/2015,40
21/6/2015,37
22/6/2015,43
23/6/2015,47
24/6/2015,51
25/6/2015,55
26/6/2015,55
27/6/2015,51
28/6/2015,51
29/6/2015,56
30/6/2015,56
1/7/2015,
2/7/2015,65
3/7/2015,67
4/7/2015,65
5/7/2015,67
6/7/2015,66
7/7/2015,64
8/7/2015,68
9/7/2015,61
10/7/2015,61
11/7/2015,70
12/7/2015,72
13/7/2015,62
14/7/2015,61
15/7/2015,56
16/7/2015,60
17/7/2015,57
18/7/2015,49
19/7/2015,50
20/7/2015,49
21/7/2015,51
22/7/2015,67
23/7/2015,53
24/7/2015,68
25/7/2015,52
26/7/2015,57
27/7/2015,55
28/7/2015,56
29/7/2015,53
30/7/2015,47
31/7/2015,57
1/8/2015,65
2/8/2015,56
3/8/2015,52
4/8/2015,42
5/8/2015,46
6/8/2015,47
7/8/2015,49
8/8/2015,47
9/8/2015,50
10/8/2015,58
11/8/2015,55
12/8/2015,49
13/8/2015,67
14/8/2015,57
15/8/2015,61
16/8/2015,57
17/8/2015,53
18/8/2015,65
19/8/2015,65
20/8/2015,65
21/8/2015,54
22/8/2015,48
23/8/2015,60
24/8/2015,71
25/8/2015,82
26/8/2015,80
27/8/2015,94
28/8/2015,68
29/8/2015,72
30/8/2015,66
31/8/2015,66
1/9/2015,64
2/9/2015,78
3/9/2015,79
4/9/2015,74
5/9/2015,79
6/9/2015,89
7/9/2015,120
8/9/2015,116
9/9/2015,112
10/9/2015,69
11/9/2015,104
12/9/2015,124
13/9/2015,167
14/9/2015,176
15/9/2015,173
16/9/2015,131
17/9/2015,132
18/9/2015,82
19/9/2015,87
20/9/2015,83
21/9/2015,88
22/9/2015,92
23/9/2015,106
24/9/2015,84
25/9/2015,82
26/9/2015,136
27/9/2015,131
28/9/2015,140
29/9/2015,140
30/9/2015,146
1/10/2015,124
2/10/2015,123
3/10/2015,165
4/10/2015,174
5/10/2015,118
6/10/2015,110
7/10/2015,102
8/10/2015,77
9/10/2015,90
10/10/2015,79
11/10/2015,92
12/10/2015,102
13/10/2015,130
14/10/2015,100
15/10/2015,92
16/10/2015,86
17/10/2015,111
18/10/2015,136
19/10/2015,157
20/10/2015,119
21/10/2015,115
22/10/2015,102
23/10/2015,104
24/10/2015,138
25/10/2015,121
26/10/2015,79
27/10/2015,79
28/10/2015,73
29/10/2015,59
30/10/2015,47
31/10/2015,71
1/11/2015,68
2/11/2015,41
3/11/2015,76
4/11/2015,64
5/11/2015,78
6/11/2015,53
7/11/2015,52
8/11/2015,57
9/11/2015,68
10/11/2015,56
11/11/2015,84
12/11/2015,53
13/11/2015,51
14/11/2015,62
15/11/2015,51
16/11/2015,45
17/11/2015,73
18/11/2015,90
19/11/2015,59
20/11/2015,49
21/11/2015,49
22/11/2015,45
23/11/2015,50
24/11/2015,51
25/11/2015,55
26/11/2015,49
27/11/2015,42
28/11/2015,42
29/11/2015,40
30/11/2015,43
1/12/2015,48
2/12/2015,44
3/12/2015,42
4/12/2015,55
5/12/2015,53
6/12/2015,38
7/12/2015,37
8/12/2015,44
9/12/2015,45
10/12/2015,40
11/12/2015,43
12/12/2015,68
13/12/2015,35
14/12/2015,54
15/12/2015,51
16/12/2015,59
17/12/2015,42
18/12/2015,48
19/12/2015,80
20/12/2015,80
21/12/2015,72
22/12/2015,89
23/12/2015,67
24/12/2015,59
25/12/2015,41
26/12/2015,36
27/12/2015,35
28/12/2015,31
29/12/2015,34
30/12/2015,42
31/12/2015,41
1/1/2016,27
2/1/2016,34
3/1/2016,44
4/1/2016,38
5/1/2016,33
6/1/2016,33
7/1/2016,33
8/1/2016,38
9/1/2016,32
10/1/2016,31
11/1/2016,44
12/1/2016,48
13/1/2016,44
14/1/2016,41
15/1/2016,37
16/1/2016,43
17/1/2016,44
18/1/2016,42
19/1/2016,47
20/1/2016,46
21/1/2016,41
22/1/2016,45
23/1/2016,38
24/1/2016,39
25/1/2016,41
26/1/2016,42
27/1/2016,38
28/1/2016,38
29/1/2016,38
30/1/2016,38
31/1/2016,37
1/2/2016,41
2/2/2016,44
3/2/2016,43
4/2/2016,44
5/2/2016,32
6/2/2016,29
7/2/2016,37
8/2/2016,48
9/2/2016,54
10/2/2016,51
11/2/2016,43
12/2/2016,35
13/2/2016,40
14/2/2016,35
15/2/2016,33
16/2/2016,41
17/2/2016,40
18/2/2016,51
19/2/2016,38
20/2/2016,38
21/2/2016,44
22/2/2016,43
23/2/2016,57
24/2/2016,45
25/2/2016,39
26/2/2016,50
27/2/2016,50
28/2/2016,48
29/2/2016,27
1/3/2016,35
2/3/2016,36
3/3/2016,39
4/3/2016,46
5/3/2016,45
6/3/2016,61
7/3/2016,51
8/3/2016,50
9/3/2016,42
10/3/2016,42
11/3/2016,55
12/3/2016,51
13/3/2016,40
14/3/2016,43
15/3/2016,51
16/3/2016,52
17/3/2016,51
18/3/2016,55
19/3/2016,58
20/3/2016,56
21/3/2016,59
22/3/2016,59
23/3/2016,50
24/3/2016,56
25/3/2016,53
26/3/2016,48
27/3/2016,55
28/3/2016,60
29/3/2016,53
30/3/2016,58
31/3/2016,61
1/4/2016,58
2/4/2016,52
3/4/2016,54
4/4/2016,54
5/4/2016,53
6/4/2016,51
7/4/2016,57
8/4/2016,66
9/4/2016,62
10/4/2016,59
11/4/2016,59
12/4/2016,48
13/4/2016,52
14/4/2016,50
15/4/2016,51
16/4/2016,43
17/4/2016,57
18/4/2016,51
19/4/2016,56
20/4/2016,72
21/4/2016,66
22/4/2016,63
23/4/2016,64
24/4/2016,52
25/4/2016,51
26/4/2016,49
27/4/2016,45
28/4/2016,53
29/4/2016,55
30/4/2016,52
1/5/2016,53
2/5/2016,53
3/5/2016,48
4/5/2016,52
5/5/2016,43
6/5/2016,51
7/5/2016,49
8/5/2016,41
9/5/2016,54
10/5/2016,54
11/5/2016,49
12/5/2016,51
13/5/2016,48
14/5/2016,50
15/5/2016,45
16/5/2016,14
17/5/2016,53
18/5/2016,0
19/5/2016,48
20/5/2016,51
21/5/2016,51
22/5/2016,46
23/5/2016,53
24/5/2016,53
25/5/2016,53
26/5/2016,50
27/5/2016,53
28/5/2016,52
29/5/2016,48
30/5/2016,49
31/5/2016,51
1/6/2016,53
2/6/2016,56
3/6/2016,59
4/6/2016,56
5/6/2016,60
6/6/2016,61
7/6/2016,62
8/6/2016,56
9/6/2016,56
10/6/2016,66
11/6/2016,60
12/6/2016,51
13/6/2016,51
14/6/2016,56
15/6/2016,52
16/6/2016,53
17/6/2016,52
18/6/2016,48
19/6/2016,54
20/6/2016,52
21/6/2016,61
22/6/2016,54
23/6/2016,62
24/6/2016,59
25/6/2016,57
26/6/2016,58
27/6/2016,59
28/6/2016,59
29/6/2016,69
30/6/2016,72
1/7/2016,76
2/7/2016,78
3/7/2016,81
4/7/2016,67
5/7/2016,73
6/7/2016,62
7/7/2016,57
8/7/2016,58
9/7/2016,34
10/7/2016,39
11/7/2016,36
12/7/2016,32
13/7/2016,44
14/7/2016,38
15/7/2016,33
16/7/2016,29
17/7/2016,32
18/7/2016,27
19/7/2016,23
20/7/2016,29
21/7/2016,28
22/7/2016,18
23/7/2016,33
24/7/2016,25
25/7/2016,19
26/7/2016,37
27/7/2016,37
28/7/2016,40
29/7/2016,41
30/7/2016,46
31/7/2016,43
1/8/2016,41
2/8/2016,27
3/8/2016,32
4/8/2016,27
5/8/2016,34
6/8/2016,37
7/8/2016,46
8/8/2016,49
9/8/2016,50
10/8/2016,46
11/8/2016,62
12/8/2016,47
13/8/2016,41
14/8/2016,39
15/8/2016,53
16/8/2016,57
17/8/2016,53
18/8/2016,45
19/8/2016,47
20/8/2016,47
21/8/2016,45
22/8/2016,74
23/8/2016,59
24/8/2016,43
25/8/2016,41
26/8/2016,36
27/8/2016,58
28/8/2016,86
29/8/2016,74
30/8/2016,52
31/8/2016,30
1/9/2016,39
2/9/2016,35
3/9/2016,39
4/9/2016,44
5/9/2016,37
6/9/2016,24
7/9/2016,23
8/9/2016,27
9/9/2016,34
10/9/2016,36
11/9/2016,40
12/9/2016,44
13/9/2016,33
14/9/2016,29
15/9/2016,31
16/9/2016,43
17/9/2016,46
18/9/2016,32
19/9/2016,29
20/9/2016,33
21/9/2016,36
22/9/2016,47
23/9/2016,47
24/9/2016,41
25/9/2016,47
26/9/2016,12
27/9/2016,55
28/9/2016,47
29/9/2016,45
30/9/2016,48
1/10/2016,44
2/10/2016,56
3/10/2016,45
4/10/2016,43
5/10/2016,51
6/10/2016,51
7/10/2016,47
8/10/2016,36
9/10/2016,45
10/10/2016,43
11/10/2016,43
12/10/2016,42
13/10/2016,39
14/10/2016,37
15/10/2016,42
16/10/2016,32
17/10/2016,31
18/10/2016,33
19/10/2016,38
20/10/2016,33
21/10/2016,36
22/10/2016,42
23/10/2016,52
24/10/2016,35
25/10/2016,40
26/10/2016,36
27/10/2016,41
28/10/2016,32
29/10/2016,43
30/10/2016,31
31/10/2016,31
1/11/2016,28
2/11/2016,47
3/11/2016,29
4/11/2016,32
5/11/2016,34
6/11/2016,46
7/11/2016,32
8/11/2016,20
9/11/2016,31
10/11/2016,36
11/11/2016,40
12/11/2016,37
13/11/2016,40
14/11/2016,34
15/11/2016,38
16/11/2016,41
17/11/2016,36
18/11/2016,37
19/11/2016,46
20/11/2016,55
21/11/2016,34
22/11/2016,44
23/11/2016,40
24/11/2016,30
25/11/2016,50
26/11/2016,39
27/11/2016,35
28/11/2016,31
29/11/2016,30
30/11/2016,33
1/12/2016,43
2/12/2016,25
3/12/2016,20
4/12/2016,31
5/12/2016,26
6/12/2016,39
7/12/2016,30
8/12/2016,28
9/12/2016,39
10/12/2016,47
11/12/2016,26
12/12/2016,24
13/12/2016,35
14/12/2016,40
15/12/2016,40
16/12/2016,56
17/12/2016,43
18/12/2016,31
19/12/2016,31
20/12/2016,24
21/12/2016,30
22/12/2016,23
23/12/2016,26
24/12/2016,20
25/12/2016,24
26/12/2016,20
27/12/2016,27
28/12/2016,24
29/12/2016,49
30/12/2016,45
31/12/2016,35
1/1/2017,27.42
2/1/2017,23.75
3/1/2017,25.71
4/1/2017,25.38
5/1/2017,27.67
6/1/2017,29.42
7/1/2017,42.08
8/1/2017,36.67
9/1/2017,51.46
10/1/2017,49.17
11/1/2017,42.67
12/1/2017,45
13/1/2017,51.75
14/1/2017,48.92
15/1/2017,39.92
16/1/2017,34.08
17/1/2017,35.38
18/1/2017,31.62
19/1/2017,30.54
20/1/2017,29.96
21/1/2017,27.12
22/1/2017,23.83
23/1/2017,27.12
24/1/2017,24.67
25/1/2017,25.38
26/1/2017,27.96
27/1/2017,32.5
28/1/2017,38.33
29/1/2017,43.83
30/1/2017,45.54
31/1/2017,39.33
1/2/2017,42.75
2/2/2017,47.25
3/2/2017,57.67
4/2/2017,49
5/2/2017,51.54
6/2/2017,48.29
7/2/2017,45.58
8/2/2017,48.92
9/2/2017,50.38
10/2/2017,51.83
11/2/2017,54
12/2/2017,52
13/2/2017,50.92
14/2/2017,47.88
15/2/2017,46.25
16/2/2017,43.29
17/2/2017,51.92
18/2/2017,51
19/2/2017,45.12
20/2/2017,43.08
21/2/2017,42.33
22/2/2017,44.75
23/2/2017,44.21
24/2/2017,39.25
25/2/2017,38.29
26/2/2017,41.5
27/2/2017,41.5
28/2/2017,45.42
1/3/2017,49.62
2/3/2017,40.42
3/3/2017,46.33
4/3/2017,51.33
5/3/2017,55.33
6/3/2017,50.83
7/3/2017,50.5
8/3/2017,50.67
9/3/2017,51.96
10/3/2017,51.12
11/3/2017,52.12
12/3/2017,51.83
13/3/2017,54.75
14/3/2017,53.5
15/3/2017,50.92
16/3/2017,62.12
17/3/2017,63.62
18/3/2017,53.58
19/3/2017,50.96
20/3/2017,47.17
21/3/2017,52.17
22/3/2017,46.5
23/3/2017,49.38
24/3/2017,54.88
25/3/2017,53.58
26/3/2017,54.58
27/3/2017,50.71
28/3/2017,47.71
29/3/2017,42.54
30/3/2017,42.42
31/3/2017,41.88
1/4/2017,54.21
2/4/2017,48.29
3/4/2017,40.79
4/4/2017,40.38
5/4/2017,37.54
6/4/2017,41.83
7/4/2017,41.42
8/4/2017,50.53
9/4/2017,
10/4/2017,26
11/4/2017,29.17
12/4/2017,33.42
13/4/2017,33.71
14/4/2017,22.12
15/4/2017,24.12
16/4/2017,26.25
17/4/2017,27.62
18/4/2017,23.83
19/4/2017,36.17
20/4/2017,35.46
21/4/2017,27.17
22/4/2017,25.92
23/4/2017,25.62
24/4/2017,32.29
25/4/2017,28.75
26/4/2017,24.79
27/4/2017,23.21
28/4/2017,24.08
29/4/2017,25.92
30/4/2017,79.25
1/5/2017,51.21
2/5/2017,27.83
3/5/2017,27.67
4/5/2017,23.58
5/5/2017,25.04
6/5/2017,23.88
7/5/2017,27.94
8/5/2017,33.5
9/5/2017,23.92
10/5/2017,21.83
11/5/2017,26.17
12/5/2017,23.67
13/5/2017,26.04
14/5/2017,31.42
15/5/2017,26.5
16/5/2017,26.55
17/5/2017,26.62
18/5/2017,31.47
19/5/2017,24.8
20/5/2017,21.17
21/5/2017,18.83
22/5/2017,22
23/5/2017,18.42
24/5/2017,18.29
25/5/2017,23.33
26/5/2017,20.04
27/5/2017,20.88
28/5/2017,26.54
29/5/2017,19.75
30/5/2017,14.75
31/5/2017,19.96
1/6/2017,21.29
2/6/2017,17.79
3/6/2017,34.38
4/6/2017,25.88
5/6/2017,25.04
6/6/2017,27.5
7/6/2017,34.12
8/6/2017,38.58
9/6/2017,39.82
10/6/2017,
11/6/2017,
12/6/2017,
13/6/2017,
14/6/2017,
15/6/2017,41.67
16/6/2017,21.42
17/6/2017,29.62
18/6/2017,26.33
19/6/2017,26.29
20/6/2017,29.67
21/6/2017,36.62
22/6/2017,43.67
23/6/2017,31.96
24/6/2017,29.12
25/6/2017,40.62
26/6/2017,18.96
27/6/2017,10.79
28/6/2017,21.08
29/6/2017,17.29
30/6/2017,15.25
1/7/2017,21.21
2/7/2017,24.67
3/7/2017,27.62
4/7/2017,17.71
5/7/2017,20.33
6/7/2017,15.25
7/7/2017,22.12
8/7/2017,21.62
9/7/2017,22.71
10/7/2017,16.46
11/7/2017,16.58
12/7/2017,12.21
13/7/2017,13.62
14/7/2017,14.79
15/7/2017,14.54
16/7/2017,15.38
17/7/2017,20
18/7/2017,34.75
19/7/2017,33.88
20/7/2017,37.21
21/7/2017,45.83
22/7/2017,30.12
23/7/2017,33.25
24/7/2017,31.88
25/7/2017,29.42
26/7/2017,34.46
27/7/2017,31.67
28/7/2017,33.5
29/7/2017,32.79
30/7/2017,34.04
31/7/2017,23.42
1/8/2017,19
2/8/2017,20.83
3/8/2017,31.25
4/8/2017,31.71
5/8/2017,28.25
6/8/2017,28.04
7/8/2017,22.67
8/8/2017,27.58
9/8/2017,19.42
10/8/2017,20.5
11/8/2017,17.62
12/8/2017,19.92
13/8/2017,20.08
14/8/2017,17.46
15/8/2017,13.71
16/8/2017,20.46
17/8/2017,25.12
18/8/2017,29.42
19/8/2017,30.58
20/8/2017,28.04
21/8/2017,43
22/8/2017,18.42
23/8/2017,21.42
24/8/2017,30.96
25/8/2017,27.25
26/8/2017,23.54
27/8/2017,20.58
28/8/2017,20.33
29/8/2017,23.88
30/8/2017,19.12
31/8/2017,26.42
1/9/2017,22.62
2/9/2017,27.71
3/9/2017,34.12
4/9/2017,27.33
5/9/2017,20
6/9/2017,22.38
7/9/2017,15.92
8/9/2017,24.71
9/9/2017,23.62
10/9/2017,21.54
11/9/2017,18.83
12/9/2017,27.17
13/9/2017,45.29
14/9/2017,45
15/9/2017,26.33
16/9/2017,16.67
17/9/2017,17.62
18/9/2017,20.38
19/9/2017,25.12
20/9/2017,16.33
21/9/2017,15.83
22/9/2017,26.38
23/9/2017,26.75
24/9/2017,21.38
25/9/2017,26.38
26/9/2017,29.54
27/9/2017,30.42
28/9/2017,23.08
29/9/2017,21.5
30/9/2017,18.58
1/10/2017,18.29
2/10/2017,17.42
3/10/2017,24
4/10/2017,20.21
5/10/2017,17.62
6/10/2017,27.67
7/10/2017,34.79
8/10/2017,29.38
9/10/2017,22.29
10/10/2017,17.29
11/10/2017,22.58
12/10/2017,24.08
13/10/2017,21.42
14/10/2017,23.71
15/10/2017,28.08
16/10/2017,23.04
17/10/2017,24.83
18/10/2017,34.92
19/10/2017,37.25
20/10/2017,44.79
21/10/2017,44
22/10/2017,42.33
23/10/2017,
24/10/2017,32.6
25/10/2017,53.29
26/10/2017,41.17
27/10/2017,27.71
28/10/2017,23.29
29/10/2017,27.29
30/10/2017,35.5
31/10/2017,45.35
1/11/2017,45.5
2/11/2017,25.52
3/11/2017,22.08
4/11/2017,15.54
5/11/2017,18.33
6/11/2017,20.96
7/11/2017,22.58
8/11/2017,18.71
9/11/2017,25.25
10/11/2017,27.75
11/11/2017,21.12
12/11/2017,19.58
13/11/2017,24.46
14/11/2017,19.58
15/11/2017,23.8
16/11/2017,
17/11/2017,25.2
18/11/2017,25.29
19/11/2017,26.58
20/11/2017,29.33
21/11/2017,27.54
22/11/2017,32.88
23/11/2017,27.08
24/11/2017,17.71
25/11/2017,20.67
26/11/2017,25.46
27/11/2017,21.71
28/11/2017,20
29/11/2017,17.08
30/11/2017,23.33
1/12/2017,21.17
2/12/2017,22
3/12/2017,26
4/12/2017,23.67
5/12/2017,25.08
6/12/2017,31.08
7/12/2017,30.33
8/12/2017,20.38
9/12/2017,19.21
10/12/2017,33
11/12/2017,31.83
12/12/2017,24.71
13/12/2017,26.54
14/12/2017,27.04
15/12/2017,30.83
16/12/2017,25.96
17/12/2017,23.83
18/12/2017,26.92
19/12/2017,33.71
20/12/2017,30.5
21/12/2017,38.62
22/12/2017,37.08
23/12/2017,32.5
24/12/2017,28.04
25/12/2017,20.21
26/12/2017,23.83
27/12/2017,26.42
28/12/2017,26.12
29/12/2017,19.46
30/12/2017,15.12
31/12/2017,17.75
1/1/2018,18.04
2/1/2018,17.04
3/1/2018,17.22
4/1/2018,14.21
5/1/2018,13.57
6/1/2018,15.67
7/1/2018,24.88
8/1/2018,30.22
9/1/2018,27
10/1/2018,22.08
11/1/2018,18.42
12/1/2018,17.63
13/1/2018,19.64
14/1/2018,19.88
15/1/2018,19.75
16/1/2018,24.33
17/1/2018,26.83
18/1/2018,23.5
19/1/2018,33.89
20/1/2018,48.12
21/1/2018,27.84
22/1/2018,
23/1/2018,32.14
24/1/2018,29.79
25/1/2018,39.45
26/1/2018,
27/1/2018,16.5
28/1/2018,21.79
29/1/2018,20.29
30/1/2018,19.88
31/1/2018,22.5
1/2/2018,24.88
2/2/2018,19.62
6/2/2018,31.25
7/2/2018,32.38
8/2/2018,33.88
9/2/2018,32.12
10/2/2018,39.79
11/2/2018,35.71
12/2/2018,
13/2/2018,41.9
14/2/2018,29.25
15/2/2018,21.5
16/2/2018,32
17/2/2018,50
18/2/2018,44.5
19/2/2018,
20/2/2018,48.5
21/2/2018,53.72
22/2/2018,
23/2/2018,40.67
24/2/2018,33.5
25/2/2018,29.04
26/2/2018,21.42
27/2/2018,23.04
28/2/2018,24.92
1/3/2018,26.96
2/3/2018,31.17
3/3/2018,29.33
4/3/2018,21.71
5/3/2018,25.71
6/3/2018,26.12
7/3/2018,21.25
8/3/2018,20.46
9/3/2018,22.62
10/3/2018,18.54
11/3/2018,16.58
12/3/2018,22.21
13/3/2018,22.92
14/3/2018,26.04
15/3/2018,23.25
16/3/2018,25.46
17/3/2018,28.21
18/3/2018,28.58
19/3/2018,21.83
20/3/2018,23.38
21/3/2018,27.58
22/3/2018,34
23/3/2018,29.33
24/3/2018,26.62
25/3/2018,25.75
26/3/2018,33.38
27/3/2018,31.29
28/3/2018,21.71
29/3/2018,26.38
30/3/2018,31.04
31/3/2018,28.67
1/4/2018,38.08
2/4/2018,35.88
3/4/2018,36.38
4/4/2018,31.33
5/4/2018,36.5
6/4/2018,38.29
7/4/2018,36.75
8/4/2018,35.88
9/4/2018,27.88
10/4/2018,25.5
11/4/2018,27.25
12/4/2018,28.83
13/4/2018,28.29
14/4/2018,25.62
15/4/2018,24.38
16/4/2018,27.71
17/4/2018,21.92
18/4/2018,18.33
19/4/2018,18.25
20/4/2018,21
21/4/2018,19
22/4/2018,18.04
23/4/2018,22.83
24/4/2018,22.08
25/4/2018,24.33
26/4/2018,25.88
27/4/2018,22.83
28/4/2018,22.12
29/4/2018,22.21
30/4/2018,26.04
1/5/2018,25.17
2/5/2018,27.67
3/5/2018,26.16
4/5/2018,42.11
5/5/2018,
6/5/2018,38.12
7/5/2018,33.79
8/5/2018,25.29
9/5/2018,28.67
10/5/2018,26.38
11/5/2018,19.67
12/5/2018,28.79
13/5/2018,34.71
14/5/2018,23.67
15/5/2018,23.67
16/5/2018,23.62
17/5/2018,21.5
18/5/2018,43.67
19/5/2018,38.12
20/5/2018,18.67
21/5/2018,28.54
22/5/2018,26.62
23/5/2018,25.92
24/5/2018,24
25/5/2018,26.79
26/5/2018,25.88
27/5/2018,24.79
28/5/2018,19.96
29/5/2018,23.25
30/5/2018,26.79
31/5/2018,20.62
1/6/2018,25.88
2/6/2018,30.88
3/6/2018,29.25
4/6/2018,42.32
5/6/2018,
6/6/2018,
7/6/2018,45
8/6/2018,37.46
9/6/2018,38.04
10/6/2018,33.67
11/6/2018,43.38
12/6/2018,38.08
13/6/2018,39.12
14/6/2018,37.21
15/6/2018,43.46
16/6/2018,23
17/6/2018,22.17
18/6/2018,50.56
19/6/2018,
20/6/2018,25
21/6/2018,17.17
22/6/2018,24.12
23/6/2018,32.5
24/6/2018,19.96
25/6/2018,23.12
26/6/2018,20.75
27/6/2018,19.08
28/6/2018,21.58
29/6/2018,19.25
30/6/2018,16.25
1/7/2018,21.04
2/7/2018,20.96
3/7/2018,19.5
4/7/2018,23.54
5/7/2018,22.38
6/7/2018,28.83
7/7/2018,36.71
8/7/2018,40.62
9/7/2018,36.71
10/7/2018,37.33
11/7/2018,26.33
12/7/2018,25.25
13/7/2018,28.67
14/7/2018,37.46
15/7/2018,41.33
16/7/2018,34.15
17/7/2018,38.25
18/7/2018,47
19/7/2018,40.67
20/7/2018,39.25
21/7/2018,28.06
22/7/2018,
23/7/2018,28.57
24/7/2018,29.21
25/7/2018,34.42
26/7/2018,29.16
27/7/2018,39
28/7/2018,34.12
29/7/2018,33.92
30/7/2018,32.88
31/7/2018,27.92
1/8/2018,
2/8/2018,27.58
3/8/2018,31.12
4/8/2018,31.54
5/8/2018,33.71
6/8/2018,
7/8/2018,33.67
8/8/2018,31.71
9/8/2018,24.83
10/8/2018,24.67
11/8/2018,50.14
12/8/2018,43
13/8/2018,36.79
14/8/2018,37.04
15/8/2018,35.17
16/8/2018,32.71
17/8/2018,66.96
18/8/2018,79.21
19/8/2018,62.71
20/8/2018,59.96
21/8/2018,63.89
22/8/2018,
23/8/2018,54.4
24/8/2018,33.6
25/8/2018,77.92
26/8/2018,80.38
27/8/2018,60.21
28/8/2018,59.75
29/8/2018,61.54
30/8/2018,56.5
31/8/2018,54.38
1/9/2018,54.92
2/9/2018,51.21
3/9/2018,53.5
4/9/2018,59.46
5/9/2018,54.62
6/9/2018,47.42
7/9/2018,57.54
8/9/2018,59
9/9/2018,58.62
10/9/2018,56.42
11/9/2018,54.17
12/9/2018,59.21
13/9/2018,42.79
14/9/2018,52
15/9/2018,60.75
16/9/2018,63.62
17/9/2018,64.5
18/9/2018,65.17
19/9/2018,60.12
20/9/2018,71.67
21/9/2018,61
22/9/2018,50.75
23/9/2018,49.12
24/9/2018,56.88
25/9/2018,57.96
26/9/2018,67.92
27/9/2018,72.75
28/9/2018,67.17
29/9/2018,65.75
30/9/2018,73.54
1/10/2018,67.62
2/10/2018,65.21
3/10/2018,62.88
4/10/2018,64.75
5/10/2018,63.42
6/10/2018,63.08
7/10/2018,67.67
8/10/2018,60.83
9/10/2018,52.04
10/10/2018,46.83
11/10/2018,52.88
12/10/2018,48.62
13/10/2018,28.54
14/10/2018,36.17
15/10/2018,51.96
16/10/2018,54.12
17/10/2018,56.21
18/10/2018,52
19/10/2018,38.71
20/10/2018,52.71
21/10/2018,41.33
22/10/2018,50.71
23/10/2018,54.38
24/10/2018,58.58
25/10/2018,46.88
26/10/2018,58.79
27/10/2018,57.54
28/10/2018,53.75
29/10/2018,52.38
30/10/2018,53.17
31/10/2018,52.46
1/11/2018,43.79
2/11/2018,48.75
3/11/2018,52.21
4/11/2018,49.42
5/11/2018,33.21
6/11/2018,34.17
7/11/2018,50.96
8/11/2018,41.08
9/11/2018,50.92
10/11/2018,44.17
11/11/2018,44.25
12/11/2018,34.21
13/11/2018,38.62
14/11/2018,49.88
15/11/2018,38.5
16/11/2018,52.67
17/11/2018,50.67
18/11/2018,61.33
19/11/2018,56.67
20/11/2018,43.25
21/11/2018,49.04
22/11/2018,45.12
23/11/2018,41.42
24/11/2018,48.12
25/11/2018,53.12
26/11/2018,52.33
27/11/2018,55.21
28/11/2018,54.46
29/11/2018,56
30/11/2018,53.83
1/12/2018,48.71
2/12/2018,40.92
3/12/2018,29.33
4/12/2018,61.25
5/12/2018,46.92
6/12/2018,34.46
7/12/2018,32.92
8/12/2018,30.62
9/12/2018,35.5
10/12/2018,37.83
11/12/2018,46.42
12/12/2018,46.75
13/12/2018,36.38
14/12/2018,26.21
15/12/2018,25.5
16/12/2018,39.58
17/12/2018,41.88
18/12/2018,36.12
19/12/2018,29.79
20/12/2018,42.67
21/12/2018,52.83
22/12/2018,56.62
23/12/2018,54
24/12/2018,59.54
25/12/2018,62.04
26/12/2018,56.92
27/12/2018,53.54
28/12/2018,50.92
29/12/2018,55.67
30/12/2018,54.21
31/12/2018,56.29
1/1/2019,52.62
2/1/2019,37.54
3/1/2019,52.79
4/1/2019,56.83
5/1/2019,57.58
6/1/2019,57
7/1/2019,52.33
8/1/2019,40.79
9/1/2019,39.17
10/1/2019,37.62
11/1/2019,34.38
12/1/2019,32.96
13/1/2019,35.92
14/1/2019,43.08
15/1/2019,37.92
16/1/2019,43.62
17/1/2019,58.33
18/1/2019,51.29
19/1/2019,31.67
20/1/2019,39
21/1/2019,31.96
22/1/2019,47.08
23/1/2019,48.25
24/1/2019,44.12
25/1/2019,46.46
26/1/2019,52.29
27/1/2019,53.83
28/1/2019,46.33
29/1/2019,45.58
30/1/2019,46.04
31/1/2019,38.08
1/2/2019,38.42
2/2/2019,40.33
3/2/2019,47.46
4/2/2019,40.88
5/2/2019,43.92
6/2/2019,52.88
7/2/2019,51.08
8/2/2019,53.75
9/2/2019,53
10/2/2019,54.54
11/2/2019,52.75
12/2/2019,52.62
13/2/2019,47.71
14/2/2019,47.96
15/2/2019,39.08
16/2/2019,36.5
17/2/2019,40.83
18/2/2019,46.79
19/2/2019,54.96
20/2/2019,56.88
21/2/2019,49.79
22/2/2019,44.79
23/2/2019,42.5
24/2/2019,39.42
25/2/2019,43.58
26/2/2019,52.67
27/2/2019,52.33
28/2/2019,39.83
1/3/2019,51.46
2/3/2019,52.04
3/3/2019,51.42
4/3/2019,53.75
5/3/2019,55.79
6/3/2019,60.42
7/3/2019,60.92
8/3/2019,57.33
9/3/2019,60
10/3/2019,61.5
11/3/2019,62.58
12/3/2019,61.21
13/3/2019,59.75
14/3/2019,55.88
15/3/2019,60.21
16/3/2019,63.88
17/3/2019,72.79
18/3/2019,77.21
19/3/2019,84.5
20/3/2019,92.25
21/3/2019,73.67
22/3/2019,77.79
23/3/2019,64.75
24/3/2019,59.83
25/3/2019,61.21
26/3/2019,63.83
27/3/2019,61.83
28/3/2019,53.67
29/3/2019,55.12
30/3/2019,56.75
31/3/2019,62
1/4/2019,58.79
2/4/2019,54.83
3/4/2019,53.5
4/4/2019,52.83
5/4/2019,51.83
6/4/2019,52.21
7/4/2019,52.83
8/4/2019,53.83
9/4/2019,53.46
10/4/2019,56.25
11/4/2019,56.38
12/4/2019,66.62
13/4/2019,70.04
14/4/2019,60.58
15/4/2019,59.25
16/4/2019,57.79
17/4/2019,56
18/4/2019,55
19/4/2019,66.12
20/4/2019,73.67
21/4/2019,66.58
22/4/2019,64.83
23/4/2019,66.42
24/4/2019,59.33
25/4/2019,54.67
26/4/2019,59
27/4/2019,53.79
28/4/2019,48.88
29/4/2019,53.46
30/4/2019,60.62
1/5/2019,60.25
2/5/2019,56.21
3/5/2019,56.79
4/5/2019,58.62
5/5/2019,64.71
6/5/2019,59.29
7/5/2019,40.17
8/5/2019,47.08
9/5/2019,51.17
10/5/2019,52.62
11/5/2019,56.25
12/5/2019,62.12
13/5/2019,65.17
14/5/2019,59.46
15/5/2019,61.67
16/5/2019,59.12
17/5/2019,56.92
18/5/2019,53.92
19/5/2019,57.75
20/5/2019,60
21/5/2019,55.75
22/5/2019,56.83
23/5/2019,55.96
24/5/2019,49.75
25/5/2019,53.42
26/5/2019,55.08
27/5/2019,55.71
28/5/2019,56.79
29/5/2019,54.79
30/5/2019,54.58
31/5/2019,53.29
1/6/2019,55.62
2/6/2019,51.92
3/6/2019,47.17
4/6/2019,54.5
5/6/2019,61.17
6/6/2019,56.12
7/6/2019,46.42
8/6/2019,28.71
9/6/2019,54
10/6/2019,53.92
11/6/2019,47.79
12/6/2019,53.38
13/6/2019,45.08
14/6/2019,37.17
15/6/2019,51.5
16/6/2019,40.29
17/6/2019,52
18/6/2019,53.75
19/6/2019,50.5
20/6/2019,45.33
21/6/2019,50.33
22/6/2019,53.08
23/6/2019,53.29
24/6/2019,55.12
25/6/2019,53.33
26/6/2019,60.12
27/6/2019,59.38
28/6/2019,55.33
29/6/2019,62.83
30/6/2019,57.17
1/7/2019,59.46
2/7/2019,57.79
3/7/2019,59.04
4/7/2019,64.92
5/7/2019,71.46
6/7/2019,65.08
7/7/2019,57.83
8/7/2019,45.88
9/7/2019,55.71
10/7/2019,47.96
11/7/2019,51.46
12/7/2019,55.62
13/7/2019,57.67
14/7/2019,59.21
15/7/2019,57.67
16/7/2019,60.67
17/7/2019,55.38
18/7/2019,59.46
19/7/2019,61.5
20/7/2019,60.25
21/7/2019,62.42
22/7/2019,63.17
23/7/2019,65.54
24/7/2019,51.71
25/7/2019,47.83
26/7/2019,58.92
27/7/2019,62.5
28/7/2019,62.71
29/7/2019,63.58
30/7/2019,59.21
31/7/2019,63.83
1/8/2019,63.71
2/8/2019,67.12
3/8/2019,70.12
4/8/2019,69.42
5/8/2019,70.46
6/8/2019,67.58
7/8/2019,75.46
8/8/2019,73.25
9/8/2019,70.08
10/8/2019,70.75
11/8/2019,71.79
12/8/2019,68.21
13/8/2019,67.17
14/8/2019,66.29
15/8/2019,66.62
16/8/2019,65.62
17/8/2019,84.67
18/8/2019,81.58
19/8/2019,75.12
20/8/2019,68.62
21/8/2019,72.5
22/8/2019,65.71
23/8/2019,73.88
24/8/2019,73.88
25/8/2019,63.58
26/8/2019,71.96
27/8/2019,86.04
28/8/2019,91.38
29/8/2019,59.62
30/8/2019,63.42
31/8/2019,60.46
1/9/2019,59.96
2/9/2019,62.46
3/9/2019,78
4/9/2019,75.54
5/9/2019,66.42
6/9/2019,63
7/9/2019,67.62
8/9/2019,77.25
9/9/2019,78.25
10/9/2019,84.5
11/9/2019,97.46
12/9/2019,100.29
13/9/2019,91.71
14/9/2019,112.71
15/9/2019,156.25
16/9/2019,201.96
17/9/2019,148.21
18/9/2019,160.04
19/9/2019,135.46
20/9/2019,131.71
21/9/2019,85.67
22/9/2019,85.96
23/9/2019,97.42
24/9/2019,127.67
25/9/2019,96.71
26/9/2019,69.21
27/9/2019,54.33
28/9/2019,63.46
29/9/2019,62.04
30/9/2019,62.42
1/10/2019,58.58
2/10/2019,60.92
3/10/2019,65.29
4/10/2019,69.58
5/10/2019,62.67
6/10/2019,58.96
7/10/2019,58.42
8/10/2019,59.04
9/10/2019,57.42
10/10/2019,57.08
11/10/2019,65.79
12/10/2019,73
13/10/2019,62.25
14/10/2019,64.83
15/10/2019,65.17
16/10/2019,64.42
17/10/2019,60.25
18/10/2019,68.12
19/10/2019,57.67
20/10/2019,55.71
21/10/2019,60.17
22/10/2019,59.04
23/10/2019,55.25
24/10/2019,54.62
25/10/2019,62.58
26/10/2019,62.09
27/10/2019,59.22
28/10/2019,53.96
29/10/2019,37.35
30/10/2019,33.04
31/10/2019,53.17
1/11/2019,55.83
2/11/2019,52.96
3/11/2019,54.87
4/11/2019,52.96
5/11/2019,56.13
6/11/2019,58.22
7/11/2019,60.74
8/11/2019,64.87
9/11/2019,63.3
10/11/2019,56.39
11/11/2019,53.22
12/11/2019,58.22
13/11/2019,57.7
14/11/2019,75.52
15/11/2019,70.52
16/11/2019,57.65
17/11/2019,52
18/11/2019,51.52
19/11/2019,57.96
20/11/2019,56.17
21/11/2019,54
22/11/2019,46.87
23/11/2019,39.61
24/11/2019,32.26
25/11/2019,39.09
26/11/2019,48.39
27/11/2019,35.17
28/11/2019,34
29/11/2019,27.39
30/11/2019,38.91
1/12/2019,23.7
2/12/2019,23.52
3/12/2019,25.96
4/12/2019,31.04
5/12/2019,41.43
6/12/2019,51.7
7/12/2019,52
8/12/2019,51.87
9/12/2019,48.3
10/12/2019,38.43
11/12/2019,50.17
12/12/2019,46.87
13/12/2019,46.61
14/12/2019,49.13
15/12/2019,37.74
16/12/2019,25.7
17/12/2019,22.09
18/12/2019,24.61
19/12/2019,31.3
20/12/2019,32.7
21/12/2019,40.83
22/12/2019,28.96
23/12/2019,34.09
24/12/2019,47.87
25/12/2019,51.22
26/12/2019,49.52
27/12/2019,52.78
28/12/2019,53.43
29/12/2019,42.48
30/12/2019,43.65
31/12/2019,38.13
1/1/2020,31.52
2/1/2020,33.35
3/1/2020,32.61
4/1/2020,28.96
5/1/2020,32.87
6/1/2020,33.87
7/1/2020,41.35
8/1/2020,45.91
9/1/2020,39.43
10/1/2020,36.91
11/1/2020,42.57
12/1/2020,51.39
13/1/2020,54.61
14/1/2020,55.35
15/1/2020,48.96
16/1/2020,41.65
17/1/2020,48.7
18/1/2020,57.87
19/1/2020,56.61
20/1/2020,39.74
21/1/2020,48.96
22/1/2020,39.39
23/1/2020,42.91
24/1/2020,31.78
25/1/2020,32.17
26/1/2020,48.83
27/1/2020,52.87
28/1/2020,52.43
29/1/2020,54.96
30/1/2020,51.7
31/1/2020,27.52
1/2/2020,35.3
2/2/2020,35.35
3/2/2020,46.35
4/2/2020,51.91
5/2/2020,53.91
6/2/2020,54.3
7/2/2020,45.61
8/2/2020,43.52
9/2/2020,53.57
10/2/2020,59.43
11/2/2020,49.91
12/2/2020,26.83
13/2/2020,30.96
14/2/2020,35.26
15/2/2020,42.22
16/2/2020,51.22
17/2/2020,41.78
18/2/2020,49.3
19/2/2020,43.22
20/2/2020,39.04
21/2/2020,48.04
22/2/2020,47.58
23/2/2020,39.87
24/2/2020,40.3
25/2/2020,44.7
26/2/2020,41.65
27/2/2020,40.09
28/2/2020,30.87
29/2/2020,31.87
1/3/2020,36.65
2/3/2020,48.52
3/3/2020,50.35
4/3/2020,46.17
5/3/2020,39.3
6/3/2020,52.78
7/3/2020,52.52
8/3/2020,52.26
9/3/2020,52.74
10/3/2020,58.43
11/3/2020,61.48
12/3/2020,61.43
13/3/2020,56.96
14/3/2020,56.22
15/3/2020,49.43
16/3/2020,41.52
17/3/2020,43.96
18/3/2020,48.35
19/3/2020,48
20/3/2020,51.7
21/3/2020,59.38
22/3/2020,55.48
23/3/2020,51.52
24/3/2020,37.04
25/3/2020,44.13
26/3/2020,48.17
27/3/2020,45.17
28/3/2020,51.96
29/3/2020,52
30/3/2020,53.7
31/3/2020,55.83
1/4/2020,51.87
2/4/2020,61.04
3/4/2020,57.04
4/4/2020,39.91
5/4/2020,32.61
6/4/2020,40.65
7/4/2020,37.13
8/4/2020,32
9/4/2020,33.13
10/4/2020,47.17
11/4/2020,52.78
12/4/2020,50.92
